uid,rot_deg,site
01nouhtc,0.0,"(-93.24, 97.23, 1.468, 128)"
0224wk0y,6.006569332164301,"(-301.39, -6.16, 3.895, 128)"
049enulq,0.0,"(-100.21, 113.04, 1.578, 128)"
04x0qzfh,0.0,"(-317.89, -309.16, 2.46, 256)"
05xt54fn,0.0,"(-316.48, -324.84, 2.46, 256)"
06akt7zq,4.686482345519972,"(-283.81, -35.31, 3.895, 128)"
06nkwfg3,0.0,"(-315.43, -306.7, 2.46, 256)"
07gbasf5,12.171851261715291,"(-228.13, 126.71, 2.398, 128)"
07s387j5,6.088854870911674,"(-316.63, 21.22, 3.895, 128)"
085rntdr,0.0,"(-11.55, -11.55, 2.3, 128)"
08liuqdn,0.0,"(-316.48, -324.84, 2.46, 256)"
08uhbxlb,7.584545347834121,"(-165.17, -160.24, 3.895, 128)"
09lzrk79,6.006306656598155,"(-286.45, -29.21, 3.895, 128)"
09vs9kkh,0.0,"(-315.43, -306.7, 2.46, 256)"
0aeoorbt,0.0,"(-314.02, -324.84, 2.46, 256)"
0bq1s9ry,0.0,"(-317.89, -306.7, 2.46, 256)"
0dk0get8,0.44514534399621875,"(-244.12, -87.34, 3.895, 128)"
0dl5e11e,0.0,"(-11.55, -11.55, 2.3, 128)"
0ezzf8s2,0.0,"(-11.55, -11.55, 2.3, 128)"
0fgzvrct,2.9924149024383357,"(-243.18, -68.42, 3.895, 128)"
0i4x6g1e,0.0,"(-314.02, -324.84, 2.46, 256)"
0i6g61pc,7.505021240618453,"(-166.14, 52.29, 2.398, 128)"
0imjyjcm,3.367254289140393,"(-266.68, -41.09, 3.895, 128)"
0iv1ggxr,6.8338209720811935,"(-151.94, -9.43, 2.398, 128)"
0j1oulwo,4.869928884431141,"(-133.54, 4.59, 2.398, 128)"
0jdcli69,4.52418553274822,"(-303.45, -5.22, 3.895, 128)"
0jf6dnob,0.0,"(-182.45, -233.18, 2.46, 150)"
0jjsp49c,0.0,"(-316.48, -329.76, 2.46, 256)"
0kb68rer,0.0,"(-11.55, -11.55, 2.3, 128)"
0l1offkh,0.0,"(-318.94, -349.44, 2.46, 256)"
0lzjjege,0.44514534399621875,"(-244.12, -69.44, 3.895, 128)"
0odwmqx5,0.0,"(-317.89, -309.16, 2.46, 256)"
0pdw5py6,0.5474698475555495,"(-243.6, -80.32, 3.895, 128)"
0qpop1o8,0.0,"(-321.03, -308.73, 2.46, 256)"
0s0r2sds,0.44514534399621875,"(-244.12, -89.14, 3.895, 128)"
0sqcnf9w,4.79000929097867,"(-395.7, -221.48, 2.46, 256)"
0uc87nxp,0.0,"(-167.69, -224.59, 2.46, 138)"
0vgnxb5j,0.0,"(-11.55, -11.55, 2.3, 128)"
0vtkrrvw,9.517944563468163,"(-365.08, 63.62, 3.895, 128)"
0w10lbt3,0.0,"(-94.98, 73.57, 1.496, 128)"
0yknfu84,0.0,"(-11.55, -11.55, 2.3, 128)"
118qqvae,0.0,"(-312.97, -336.22, 2.46, 256)"
11bd2sce,3.8829860114773416,"(-281.23, -31.19, 3.895, 128)"
11zsb8lv,4.646971645521351,"(-201.7, -11.07, 3.296, 128)"
12pgyme6,0.0,"(-320.35, -306.7, 2.46, 256)"
146vey0a,12.572611057932253,"(-118.36, 23.22, 2.398, 128)"
14nijcp5,0.0,"(-152.93, -156.35, 2.46, 126)"
153sflse,0.0,"(-11.55, -11.55, 2.3, 128)"
15ahdbvz,0.0,"(-11.55, -11.55, 2.3, 128)"
15ikpqah,0.5874717068311983,"(-239.6, -40.56, 3.895, 128)"
15z8vmuh,0.0,"(-95.85, 68.26, 1.509, 128)"
167d6vnx,0.0,"(-309.1, -327.67, 2.46, 256)"
199dxj37,0.0,"(-11.55, -11.55, 2.3, 128)"
1b0z3nx3,0.5474698475555495,"(-243.6, -34.72, 3.895, 128)"
1bj9rm7p,0.0,"(-11.55, -11.55, 2.3, 128)"
1c2zl46q,0.0,"(-314.02, -327.3, 2.46, 256)"
1cjfx5li,0.0,"(-315.43, -306.7, 2.46, 256)"
1el88l12,0.0,"(-316.48, -327.3, 2.46, 256)"
1epxu7b6,0.0,"(-289.42, -312.54, 2.46, 256)"
1g463sdy,0.0,"(-93.24, 81.35, 1.468, 128)"
1g983ep9,0.0,"(-11.55, -11.55, 2.3, 128)"
1ghlu8m8,0.7468081590711564,"(-201.74, -43.56, 3.296, 128)"
1hgav42t,0.0,"(-306.64, -334.68, 2.46, 256)"
1ije2xe0,0.0,"(-316.48, -339.6, 2.46, 256)"
1jrj5xfe,13.642577587613347,"(-217.56, 160.43, 2.398, 128)"
1lfc1nlc,0.0,"(-317.89, -309.16, 2.46, 256)"
1nm3v16x,4.79000929097867,"(-389.05, -242.02, 2.46, 256)"
1p02jyv6,0.0,"(-314.02, -317.46, 2.46, 256)"
1r11q7uw,0.0,"(-94.11, 82.89, 1.482, 128)"
1sa3y5t3,5.510524018016967,"(-160.08, 35.87, 2.398, 128)"
1sascebf,0.0,"(-221.63, -233.23, 3.591, 128)"
1t2tala7,0.0,"(-163.25, -164.29, 2.46, 134)"
1v2isqp4,0.44514534399621875,"(-244.12, -89.84, 3.895, 128)"
1w1ht7pz,0.44514534399621875,"(-244.12, -80.34, 3.895, 128)"
1xj7wwud,3.833515281240712,"(-164.0, 66.7, 2.398, 128)"
20xkiaip,0.0,"(-221.63, -233.23, 3.591, 128)"
21b07g2r,1.5473825316630474,"(-265.36, -62.16, 3.895, 128)"
21id9vvn,0.0,"(-311.56, -329.76, 2.46, 256)"
21vmefoz,16.687920956241634,"(-436.49, 129.68, 3.895, 128)"
226parsg,0.0,"(-315.43, -306.7, 2.46, 256)"
22xmq664,0.0,"(-314.02, -327.3, 2.46, 256)"
24d7v911,0.0,"(-314.02, -329.76, 2.46, 256)"
2837c6qc,7.789369762680724,"(-298.18, -21.51, 3.895, 128)"
2853uy8u,0.0,"(-320.35, -306.7, 2.46, 256)"
287gt76i,0.0,"(-255.0, -255.0, 2.0, 128)"
2ay7ov50,0.0,"(-162.77, -166.55, 2.46, 134)"
2c9ros7y,0.0,"(-11.55, -11.55, 2.3, 128)"
2d1jqbex,0.0,"(-313.5, -321.54, 2.46, 256)"
2elalq26,21.34961154676489,"(-146.24, -14.05, 2.398, 128)"
2ezc7fov,0.0,"(-11.55, -11.55, 2.3, 128)"
2fqztio4,0.8443489183065792,"(-199.06, -43.24, 3.296, 128)"
2fvb66h3,8.077473270395867,"(-180.31, -111.36, 3.895, 128)"
2gkfl5xf,7.745645765325841,"(-148.07, 27.64, 2.398, 128)"
2hvnkvon,0.0,"(-175.07, -213.54, 2.46, 144)"
2jn67lm8,0.0,"(-299.26, -351.9, 2.46, 256)"
2kodwh8n,4.52418553274822,"(-303.48, -7.46, 3.895, 128)"
2l4x5bwa,4.79000929097867,"(-392.44, -230.8, 2.46, 256)"
2ld05nhq,7.694698592990943,"(-239.5, -61.92, 3.895, 128)"
2lngixmc,13.567637157495847,"(-81.25, -201.81, 3.895, 128)"
2lwhedht,0.0,"(-318.94, -329.76, 2.46, 256)"
2m71hssb,0.0,"(-107.18, 81.59, 1.688, 128)"
2movs0cd,0.0,"(-315.43, -306.7, 2.46, 256)"
2p2tixc7,0.0,"(-317.89, -309.16, 2.46, 256)"
2qc6dr08,0.0,"(-315.43, -309.16, 2.46, 256)"
2r9pegln,13.421258702444886,"(-186.56, 78.49, 2.398, 128)"
2rntjlmz,0.0,"(-312.97, -304.24, 2.46, 256)"
2rzv1sqq,7.519446853816449,"(-340.78, 31.32, 3.895, 128)"
2u9az3ce,4.804308912110611,"(-147.85, 21.48, 2.398, 128)"
2xcb3yym,9.732916374731458,"(-363.43, 60.69, 3.895, 128)"
2xg8p6be,0.0,"(-93.24, 83.77, 1.468, 128)"
2xog4c8j,0.0,"(-316.48, -327.3, 2.46, 256)"
2ygnmby4,0.0,"(-11.55, -11.55, 2.3, 128)"
2z0ljch2,0.0,"(-11.55, -11.55, 2.3, 128)"
2zueugwu,5.359679821396546,"(-293.99, -21.59, 3.895, 128)"
313fpoyi,0.0,"(-96.72, 165.16, 1.523, 128)"
31eiwucx,0.8147951773276845,"(-199.24, -76.74, 3.296, 128)"
31yhxso7,13.956238994957236,"(-337.27, 73.42, 3.895, 128)"
32orwixz,0.0,"(-11.55, -11.55, 2.3, 128)"
33mg1zaq,5.365099499426323,"(-195.11, -54.36, 3.895, 128)"
344mw04i,4.79000929097867,"(-386.6, -241.76, 2.46, 256)"
349n1d6d,0.0,"(-165.23, -168.78, 2.46, 136)"
356wafft,0.0,"(-315.43, -304.24, 2.46, 256)"
36u8ueih,0.0,"(-11.55, -11.55, 2.3, 128)"
39yl9ue4,12.670262569304567,"(-403.04, 98.81, 3.895, 128)"
3aipjiyl,4.79000929097867,"(-387.32, -233.05, 2.46, 256)"
3b0n9cc7,4.79000929097867,"(-389.78, -233.06, 2.46, 256)"
3c9xqym5,0.0,"(-103.69, 76.05, 1.633, 128)"
3cup8ijl,0.0,"(-11.55, -11.55, 2.3, 128)"
3dg60e1e,4.79000929097867,"(-386.53, -242.54, 2.46, 256)"
3dzxlrgn,0.0,"(-309.1, -329.76, 2.46, 256)"
3e54n6o9,4.0282728440242,"(-293.05, -27.59, 3.895, 128)"
3fezez5e,8.971692299954054,"(-277.31, -14.18, 3.895, 128)"
3g5dfrlw,4.79000929097867,"(-376.28, -247.21, 2.46, 256)"
3hzcd3ge,0.0,"(-285.74, -274.24, 4.42, 128)"
3ifhv1xg,0.0,"(-93.24, 66.13, 1.468, 128)"
3iwpfvb7,0.8147951773276845,"(-199.26, -47.49, 3.296, 128)"
3jczucqm,0.0,"(-11.55, -11.55, 2.3, 128)"
3jonou9i,0.0,"(-11.55, -11.55, 2.3, 128)"
3jpxgh30,0.0,"(-11.55, -11.55, 2.3, 128)"
3k8a7rv4,6.19155677620425,"(-215.35, -128.35, 3.895, 128)"
3kcvjxzd,0.0,"(-170.15, -217.49, 2.46, 140)"
3m9iqbq9,0.0,"(-314.02, -329.76, 2.46, 256)"
3obyghgk,0.0,"(-11.55, -11.55, 2.3, 128)"
3p91i3vm,0.0,"(-11.55, -11.55, 2.3, 128)"
3pt5r5rc,0.0,"(-11.55, -11.55, 2.3, 128)"
3qlx3f2x,0.6413778939419499,"(-145.74, 21.69, 2.398, 128)"
3qsqcq30,0.0,"(-11.55, -11.55, 2.3, 128)"
3t4y0tb1,3.284652249504209,"(-156.13, 27.85, 2.398, 128)"
3uvulemx,0.0,"(-102.38, 78.45, 1.612, 128)"
3vwlo7am,0.0,"(-289.42, -406.02, 2.46, 256)"
3wp8djkl,4.688613607633837,"(-145.64, 21.25, 2.398, 128)"
3xlrfcd6,0.0,"(-93.24, 83.24, 1.468, 128)"
3y4wpwg3,2.487654555193788,"(-169.5, 35.86, 2.398, 128)"
3zkwdeek,0.0,"(-11.55, -11.55, 2.3, 128)"
41ibljh7,0.0,"(-155.87, -165.98, 2.46, 128)"
422ta83r,0.0,"(-317.89, -306.7, 2.46, 256)"
42sihxod,0.0,"(-318.94, -324.84, 2.46, 256)"
433e1i1p,0.0,"(-320.35, -309.16, 2.46, 256)"
448n7odk,0.0,"(-11.55, -11.55, 2.3, 128)"
458ax40d,0.0,"(-11.55, -11.55, 2.3, 128)"
45bg34iq,0.0,"(-11.55, -11.55, 2.3, 128)"
45bm1enf,0.0,"(-103.26, 79.01, 1.626, 128)"
45ed5ggs,7.021206621425452,"(-278.59, -48.18, 3.895, 128)"
46ayn2d7,14.515994355036016,"(-423.93, 132.96, 3.895, 128)"
48nysj5y,9.947471652236631,"(-125.91, 35.31, 2.398, 128)"
48y1o4iz,0.0,"(-11.55, -11.55, 2.3, 128)"
493wxa73,0.0,"(-98.03, 86.37, 1.544, 128)"
4a3yjtu7,0.0,"(-315.43, -301.78, 2.46, 256)"
4abufwbu,0.0,"(-315.43, -309.16, 2.46, 256)"
4c6p1llh,26.70818587550441,"(-211.83, 132.35, 2.398, 128)"
4cdpqvl0,0.0,"(-11.55, -11.55, 2.3, 128)"
4dsxlsut,0.8147951773276845,"(-199.24, -37.64, 3.296, 128)"
4ex6u86z,0.0,"(-315.43, -306.7, 2.46, 256)"
4f2k1xer,8.214575858551607,"(-340.15, 52.53, 3.895, 128)"
4fcl5efj,4.969312455741175,"(-242.61, -76.55, 3.895, 128)"
4isotn9u,0.0,"(-317.89, -309.16, 2.46, 256)"
4ivsolml,0.0,"(-93.24, 76.63, 1.468, 128)"
4jtj27yh,0.0,"(-221.63, -233.23, 3.591, 128)"
4k00ilu6,16.12595126899858,"(-404.84, 88.18, 3.895, 128)"
4k0lthy2,0.0,"(-310.51, -323.92, 2.46, 256)"
4k5ogz2u,0.0,"(-310.51, -323.92, 2.46, 256)"
4kzrezrd,1.5473825316630474,"(-265.34, -43.79, 3.895, 128)"
4ldimsyj,0.0,"(-11.55, -11.55, 2.3, 128)"
4m0a6mdm,9.650731174580024,"(-135.73, -171.45, 3.895, 128)"
4mqa78ra,0.0,"(-315.43, -333.76, 2.46, 256)"
4n89qkns,0.0,"(-95.41, 73.75, 1.503, 128)"
4orac8cy,3.833515281240712,"(-164.0, 46.1, 2.398, 128)"
4po1i3ms,9.795869724648615,"(-337.99, 57.83, 3.895, 128)"
4qxxva2i,0.44514534399621875,"(-244.12, -87.84, 3.895, 128)"
4regb1aj,0.0,"(-315.43, -306.7, 2.46, 256)"
4sx27dcb,2.0210772240950643,"(-241.68, -73.37, 3.895, 128)"
4t60ploz,0.0,"(-11.55, -11.55, 2.3, 128)"
4u9bxf44,0.0,"(-11.55, -11.55, 2.3, 128)"
4uw590z9,0.0,"(-316.48, -327.3, 2.46, 256)"
4vf89x22,0.0,"(-311.56, -324.84, 2.46, 256)"
4wsqt26q,0.0,"(-97.59, 77.89, 1.537, 128)"
4xekz83y,5.968932568124731,"(-192.31, -112.4, 3.895, 128)"
4xyf9igf,0.0,"(-11.55, -11.55, 2.3, 128)"
50i6gbxq,12.762511539549369,"(-159.11, 53.84, 2.398, 128)"
513bb6f0,0.0,"(-314.02, -329.76, 2.46, 256)"
516sp18o,0.0,"(-316.48, -342.06, 2.46, 256)"
51ob537q,9.566356502937692,"(-364.86, 45.66, 3.895, 128)"
53ayeqah,0.0,"(-315.43, -306.7, 2.46, 256)"
53lc58dr,0.0,"(-182.93, -184.08, 2.46, 150)"
53x1f8s0,3.833515281240712,"(-163.06, 14.52, 2.398, 128)"
5407k5w1,6.412718867569306,"(-175.87, -100.01, 3.895, 128)"
55izolnn,0.0,"(-315.43, -309.16, 2.46, 256)"
55j2o7s3,0.49649915254589755,"(-243.45, -76.42, 3.895, 128)"
576mouze,0.0,"(-304.18, -378.96, 2.46, 256)"
59c81do6,3.5030243028199686,"(-200.99, -131.4, 3.895, 128)"
5bwikotc,0.0,"(-11.55, -11.55, 2.3, 128)"
5cf72gnn,13.15244991168397,"(-384.28, 76.73, 3.895, 128)"
5cri8bix,0.0,"(-11.55, -11.55, 2.3, 128)"
5d0p92k3,5.300309060147738,"(-213.17, -76.7, 3.895, 128)"
5e8osaq3,0.6413778939419499,"(-145.74, 11.59, 2.398, 128)"
5eltfebe,7.602523983813857,"(-323.65, 20.09, 3.895, 128)"
5ep4cwcd,4.79000929097867,"(-390.24, -248.39, 2.46, 256)"
5g77lk6h,0.0,"(-314.02, -324.84, 2.46, 256)"
5gqqlyzj,4.79000929097867,"(-383.84, -254.0, 2.46, 256)"
5hrdu4xs,0.0,"(-303.13, -316.54, 2.46, 256)"
5iqvnb4g,0.44514534399621875,"(-244.12, -93.44, 3.895, 128)"
5iz31yru,0.0,"(-11.55, -11.55, 2.3, 128)"
5lxo6qji,0.0,"(-170.63, -171.75, 2.46, 140)"
5m8kb9w4,0.0,"(-315.43, -304.24, 2.46, 256)"
5n9c70pa,0.0,"(-314.02, -332.22, 2.46, 256)"
5nms6xvq,0.0,"(-311.56, -332.22, 2.46, 256)"
5r8vo4kv,0.0,"(-285.74, -274.24, 4.42, 128)"
5so79h4h,0.0,"(-316.48, -324.84, 2.46, 256)"
5tgsq7ai,0.0,"(-315.43, -306.7, 2.46, 256)"
5wh23gxr,0.0,"(-152.93, -156.73, 2.46, 126)"
5x48pw5k,0.0,"(-311.56, -327.3, 2.46, 256)"
5xyfc4kl,0.0,"(-11.55, -11.55, 2.3, 128)"
61nhvcfw,21.509345993464347,"(-91.05, 2.18, 2.398, 128)"
63yk03o4,0.0,"(-312.97, -306.7, 2.46, 256)"
64yfds0d,0.0,"(-11.55, -11.55, 2.3, 128)"
65efuxq9,0.0,"(-162.77, -166.23, 2.46, 134)"
66uml3so,0.0,"(-157.85, -161.45, 2.46, 130)"
66vw9b0m,0.0,"(-309.1, -327.3, 2.46, 256)"
67kbqnxp,0.0,"(-197.21, -246.43, 2.46, 162)"
67xkwq0y,0.0,"(-209.85, -49.85, 3.305, 128)"
68q0j9m4,3.8335152793169915,"(-163.99, 63.93, 2.398, 128)"
69ugnekr,0.0,"(-11.55, -11.55, 2.3, 128)"
6bnvsfa6,0.0,"(-314.02, -329.76, 2.46, 256)"
6c2cu7on,0.0,"(-315.43, -306.7, 2.46, 256)"
6e07fpy1,4.79000929097867,"(-391.81, -238.59, 2.46, 256)"
6g5g79or,0.0,"(-128.09, 63.24, 2.017, 128)"
6ilsidbx,0.0,"(-194.75, -233.03, 2.46, 160)"
6j3rtxym,4.79000929097867,"(-394.67, -233.79, 2.46, 256)"
6jl2l5b5,0.0,"(-311.56, -329.76, 2.46, 256)"
6k8djzr5,13.838157616010767,"(-416.91, 108.9, 3.895, 128)"
6kf1622v,0.0,"(-11.55, -11.55, 2.3, 128)"
6khub2rt,0.0,"(-317.89, -309.16, 2.46, 256)"
6n6975j2,2.711456045503367,"(-171.25, 35.93, 2.398, 128)"
6nouhfj7,0.0,"(-11.55, -11.55, 2.3, 128)"
6o3z0ani,0.6413778939419499,"(-145.74, 12.29, 2.398, 128)"
6po0m24u,0.0,"(-314.02, -327.3, 2.46, 256)"
6prr7mza,5.856357219613988,"(-319.99, 4.89, 3.895, 128)"
6q8sjy5o,4.688613607633837,"(-145.64, 21.65, 2.398, 128)"
6qd0771h,15.666512385697013,"(-145.47, 56.07, 2.398, 128)"
6qlz2rwg,0.0,"(-11.55, -11.55, 2.3, 128)"
6rv9777t,0.0,"(-209.85, -62.45, 3.305, 128)"
6sapbs22,0.0,"(-316.48, -322.38, 2.46, 256)"
6scivuqt,0.0,"(-316.48, -319.92, 2.46, 256)"
6szn9dde,0.0,"(-11.55, -11.55, 2.3, 128)"
6tx0tbkg,0.0,"(-209.85, -48.97, 3.305, 128)"
6uamwjpi,0.0,"(-184.91, -235.22, 2.46, 152)"
6xvaj2k8,0.0,"(-11.55, -11.55, 2.3, 128)"
6ys445gd,0.0,"(-11.55, -11.55, 2.3, 128)"
6zs62ywe,0.0,"(-11.55, -11.55, 2.3, 128)"
700ucrgb,0.0,"(-312.97, -306.7, 2.46, 256)"
70ebpy9e,0.0,"(-314.02, -329.76, 2.46, 256)"
70s1f537,0.0,"(-317.89, -306.7, 2.46, 256)"
71w1wudc,2.5335785570487412,"(-278.15, -55.77, 3.895, 128)"
7493dxwo,7.471060375764076,"(-208.06, 77.17, 2.398, 128)"
750cehlx,0.0,"(-93.24, 93.67, 1.468, 128)"
77jzc58c,2.1686301043045906,"(-149.17, 21.59, 2.398, 128)"
7875aud9,0.0,"(-101.08, 94.61, 1.592, 128)"
78v0bjwk,6.83335267944003,"(-325.34, 12.59, 3.895, 128)"
79kvls9m,0.0,"(-317.89, -306.7, 2.46, 256)"
7ajul7w8,0.0,"(-311.56, -322.38, 2.46, 256)"
7c7bo119,0.0,"(-11.55, -11.55, 2.3, 128)"
7dypmlva,0.0,"(-315.43, -311.62, 2.46, 256)"
7fxzv4u3,0.0,"(-105.0, 81.16, 1.654, 128)"
7hme6p4n,0.0,"(-316.48, -324.84, 2.46, 256)"
7icdo5di,0.0,"(-318.94, -322.38, 2.46, 256)"
7ln23y30,0.0,"(-102.82, 61.51, 1.619, 128)"
7mhxofkc,0.8147951773276845,"(-199.28, -76.61, 3.296, 128)"
7n8la100,0.0,"(-11.55, -11.55, 2.3, 128)"
7p9mda9o,0.0,"(-315.43, -306.7, 2.46, 256)"
7pq4ddv2,4.814970423346276,"(-200.8, -119.41, 3.895, 128)"
7qhak7md,5.73766961082881,"(-251.3, -81.03, 3.895, 128)"
7srcbplj,0.44514534399621875,"(-244.12, -90.54, 3.895, 128)"
7szpf9s9,3.1382675572117096,"(-150.82, 12.4, 2.398, 128)"
7tw1puws,9.297523055463463,"(-352.85, 108.43, 3.895, 128)"
7ujodck8,0.0,"(-317.89, -306.7, 2.46, 256)"
7vxuqdrm,0.0,"(-165.23, -168.77, 2.46, 136)"
7y2itl8n,5.5220341689818735,"(-315.98, 4.56, 3.895, 128)"
7zj3sweb,0.0,"(-11.55, -11.55, 2.3, 128)"
8257ge0q,0.0,"(-221.63, -233.23, 3.591, 128)"
82n2atqy,0.44514534399621875,"(-244.12, -81.54, 3.895, 128)"
832ejx5t,0.0,"(-96.72, 87.12, 1.523, 128)"
83579wrr,0.0,"(-314.02, -327.3, 2.46, 256)"
839ag77q,0.0,"(-255.0, -255.0, 2.0, 128)"
83bdw56f,0.5874717068311983,"(-239.55, -43.5, 3.895, 128)"
84p4k9dx,0.0,"(-311.19, -339.23, 2.46, 256)"
84z4ur2y,0.0,"(-311.56, -327.3, 2.46, 256)"
86z1b98v,10.356968953922804,"(-145.96, 20.48, 2.398, 128)"
873lkmgs,0.8147951773276845,"(-199.28, -60.29, 3.296, 128)"
88k686qe,0.0,"(-314.02, -327.3, 2.46, 256)"
89i9gx32,11.05737624353108,"(-124.14, 24.09, 2.398, 128)"
8b25sq8c,0.44514534399621875,"(-244.12, -88.24, 3.895, 128)"
8b350sgn,5.477895412168888,"(-150.61, 36.8, 2.398, 128)"
8bxy6rkv,0.0,"(-316.48, -312.54, 2.46, 256)"
8cgn0t6d,0.0,"(-11.55, -11.55, 2.3, 128)"
8cqk4lta,0.0,"(-11.55, -11.55, 2.3, 128)"
8dalfyo1,0.0,"(-93.24, 109.14, 1.468, 128)"
8ditmown,0.0,"(-316.48, -327.3, 2.46, 256)"
8fwrpk0z,4.79000929097867,"(-390.19, -228.21, 2.46, 256)"
8guucm5f,0.0,"(-299.26, -337.14, 2.46, 256)"
8hyexf7j,0.0,"(-11.55, -11.55, 2.3, 128)"
8jpr7vgr,0.0,"(-317.89, -306.7, 2.46, 256)"
8jx54peg,0.0,"(-306.64, -339.6, 2.46, 256)"
8l0hg9nc,7.157892998542974,"(-331.41, 12.62, 3.895, 128)"
8llihkpj,0.0,"(-316.07, -321.58, 2.46, 256)"
8lxeqlez,0.0,"(-309.1, -327.3, 2.46, 256)"
8lymj1qi,5.82890732363415,"(-305.99, -26.03, 3.895, 128)"
8mdd4v30,0.0,"(-200.15, -245.47, 2.46, 164)"
8mtk0rso,4.476579361575425,"(-185.1, 52.46, 2.398, 128)"
8oga0x7z,0.0,"(-315.43, -301.78, 2.46, 256)"
8p6fvdhr,3.3572615441565787,"(-239.56, -52.33, 3.895, 128)"
8pajssuu,0.0,"(-11.55, -11.55, 2.3, 128)"
8qfdtn0p,0.0,"(-162.77, -166.57, 2.46, 134)"
8ra4dv56,5.432141630031617,"(-185.19, -140.02, 3.895, 128)"
8riec4d1,0.0,"(-102.82, 82.11, 1.619, 128)"
8va8x8l0,3.5275544878612877,"(-290.83, -26.44, 3.895, 128)"
917xfh41,0.0,"(-311.56, -327.3, 2.46, 256)"
929u6wtv,8.510542388624838,"(-338.58, 17.32, 3.895, 128)"
92mtr6sn,0.0,"(-11.55, -11.55, 2.3, 128)"
92tp6qaq,5.678386666133447,"(-254.53, -66.66, 3.895, 128)"
93wkcs4k,0.0,"(-317.89, -306.7, 2.46, 256)"
948ju63l,0.0,"(-285.74, -274.24, 4.42, 128)"
94sz2kuu,0.0,"(-317.89, -309.16, 2.46, 256)"
94xfri09,2.487654555193788,"(-169.51, 35.63, 2.398, 128)"
96qe3rzs,0.44514534399621875,"(-244.12, -84.94, 3.895, 128)"
9700lfqf,16.206361849572925,"(-211.3, 117.02, 2.398, 128)"
9aawe429,0.0,"(-312.97, -306.7, 2.46, 256)"
9boq0iq2,0.0,"(-11.55, -11.55, 2.3, 128)"
9bp4m18o,0.0,"(-11.55, -11.55, 2.3, 128)"
9d31k9qm,0.0,"(-11.55, -11.55, 2.3, 128)"
9dxoq2vp,0.0,"(-317.89, -328.84, 2.46, 256)"
9e7eobjl,0.0,"(-11.55, -11.55, 2.3, 128)"
9ftaxp0w,0.0,"(-11.55, -11.55, 2.3, 128)"
9ier7u8h,14.419470161274102,"(-61.23, -219.13, 3.895, 128)"
9jrd4hqf,0.0,"(-285.74, -274.24, 4.42, 128)"
9jrnamz6,13.64257630904483,"(-217.57, 112.1, 2.398, 128)"
9kwv08hh,0.44514534399621875,"(-244.12, -75.44, 3.895, 128)"
9lhalckz,0.0,"(-311.56, -327.3, 2.46, 256)"
9mqvayxa,4.109044258896062,"(-234.1, -65.12, 3.895, 128)"
9mv9e40k,3.5030243028199686,"(-200.29, -117.91, 3.895, 128)"
9mx2x18h,0.44514534399621875,"(-244.12, -76.54, 3.895, 128)"
9n6eqv5y,0.0,"(-314.02, -324.84, 2.46, 256)"
9oi0d4dm,7.33751498575831,"(-239.61, -85.66, 3.895, 128)"
9owwew9v,0.0,"(-314.02, -329.76, 2.46, 256)"
9ptk4gc4,8.07266877829469,"(-213.23, -73.05, 3.895, 128)"
9rbsv55p,0.5474698475555495,"(-243.6, -77.62, 3.895, 128)"
9s3w563b,0.0,"(-317.89, -306.7, 2.46, 256)"
9t84azyt,0.0,"(-175.55, -176.88, 2.46, 144)"
9tze5r5u,0.9059538338789318,"(-257.97, -82.05, 3.895, 128)"
9uu2bl7a,8.798303294442432,"(-209.13, 86.1, 2.398, 128)"
9vjuhbp9,0.0,"(-285.74, -274.24, 4.42, 128)"
9yecazrp,0.0,"(-317.89, -306.7, 2.46, 256)"
9zxqerbk,4.79000929097867,"(-386.92, -237.87, 2.46, 256)"
a08ekxdr,0.5874717068311983,"(-239.52, -52.53, 3.895, 128)"
a0mvf4s2,4.79000929097867,"(-394.27, -238.56, 2.46, 256)"
a2iz5p3v,0.5874717060922341,"(-239.54, -58.14, 3.895, 128)"
a3idy3c7,0.0,"(-312.97, -306.7, 2.46, 256)"
a5xin9dl,0.0,"(-320.35, -309.16, 2.46, 256)"
a68t2a3a,4.79000929097867,"(-389.56, -235.89, 2.46, 256)"
a6s5zxqo,3.1401188145575882,"(-165.89, 36.01, 2.398, 128)"
a7dorfki,0.0,"(-314.02, -327.3, 2.46, 256)"
a8d7204j,0.0,"(-314.02, -324.84, 2.46, 256)"
addqhkga,0.0,"(-315.43, -309.16, 2.46, 256)"
aea84hxx,7.9651508961857616,"(-185.37, -121.31, 3.895, 128)"
aeldwqxk,0.0,"(-314.02, -327.3, 2.46, 256)"
afeyuhz1,0.44514534399621875,"(-244.12, -46.64, 3.895, 128)"
ahulwjti,0.0,"(-315.43, -319.0, 2.46, 256)"
aietdn1t,8.015287762343915,"(-329.19, 27.4, 3.895, 128)"
akhejla0,0.0,"(-100.64, 76.92, 1.585, 128)"
aofc9lgy,0.0,"(-314.02, -319.92, 2.46, 256)"
aragdx5o,3.8829860114773416,"(-280.91, -39.64, 3.895, 128)"
asifpwio,0.0,"(-106.3, 63.51, 1.674, 128)"
asnwywrr,0.0,"(-11.55, -11.55, 2.3, 128)"
atatj9a3,0.0,"(-11.55, -11.55, 2.3, 128)"
auxbgk2w,0.0,"(-315.43, -306.7, 2.46, 256)"
av6763v1,0.0,"(-314.02, -322.38, 2.46, 256)"
az39pecn,0.0,"(-11.55, -11.55, 2.3, 128)"
az5uh80q,3.8562036580344676,"(-217.9, -83.22, 3.895, 128)"
b0oih5cs,0.0,"(-11.55, -11.55, 2.3, 128)"
b1qx6gvw,0.44514534399621875,"(-244.12, -82.05, 3.895, 128)"
b2knftu2,0.5474698475555495,"(-243.6, -57.82, 3.895, 128)"
b34kuqaa,2.3725909928278552,"(-239.55, -58.15, 3.895, 128)"
b48wumh9,0.0,"(-314.02, -329.76, 2.46, 256)"
b5jfysyz,4.966921219785826,"(-303.4, -3.87, 3.895, 128)"
b6lbu9w3,0.0,"(-157.85, -170.32, 2.46, 130)"
b7p9jyqn,4.6122222392313645,"(-291.03, -26.68, 3.895, 128)"
ba5mf36b,7.1344554011796255,"(-288.12, -56.31, 3.895, 128)"
ba75uuzp,0.0,"(-92.36, 74.79, 1.455, 128)"
badlypgg,0.6413778939419499,"(-145.74, 21.59, 2.398, 128)"
bbxux1ox,0.0,"(-111.1, 93.81, 1.75, 128)"
bc2swsoz,0.0,"(-11.55, -11.55, 2.3, 128)"
bd2qe4pa,0.0,"(-11.55, -11.55, 2.3, 128)"
be3yqy5f,3.755440010666109,"(-215.14, -114.09, 3.895, 128)"
bekgv1bb,6.306755698239626,"(-314.47, 7.82, 3.895, 128)"
bfa37dl9,7.134016477606994,"(-278.47, -39.14, 3.895, 128)"
bfej2xg4,14.966588799668548,"(-423.28, 137.98, 3.895, 128)"
bfiy5pu5,6.097332545823781,"(-180.17, 63.12, 2.398, 128)"
bgl2mcxn,2.7119092054522196,"(-145.68, 27.93, 2.398, 128)"
bglmy62x,0.0,"(-315.43, -304.24, 2.46, 256)"
bhaiiwi0,14.547398593350922,"(-174.97, -126.99, 3.895, 128)"
bhgpbktm,0.0,"(-309.1, -329.76, 2.46, 256)"
bjcdiwzo,12.385996148675968,"(-201.97, 96.35, 2.398, 128)"
bkvblpxa,5.1960459330413515,"(-185.5, 57.45, 2.398, 128)"
bl4ce7pk,8.951530026712188,"(-306.03, 53.96, 3.895, 128)"
bmae38sr,0.0,"(-11.55, -11.55, 2.3, 128)"
bpg2r0to,0.0,"(-296.8, -344.52, 2.46, 256)"
brmqg1ve,0.0,"(-315.43, -309.16, 2.46, 256)"
brspj4ki,0.0,"(-314.02, -327.3, 2.46, 256)"
bs7587h9,0.0,"(-314.02, -327.3, 2.46, 256)"
bsepr1b2,0.0,"(-285.74, -274.24, 4.42, 128)"
bsvk3x8m,4.567671889706253,"(-183.32, 62.32, 2.398, 128)"
btgdjz0i,0.0,"(-315.43, -309.16, 2.46, 256)"
btr23qiu,3.4021540251527966,"(-213.51, -113.34, 3.895, 128)"
bugr6e7g,5.554126912610251,"(-283.54, -10.15, 3.895, 128)"
bv2j3t4h,0.0,"(-175.07, -178.8, 2.46, 144)"
bxanj4x5,0.0,"(-315.43, -309.16, 2.46, 256)"
by4ubzcz,0.0,"(-314.02, -322.38, 2.46, 256)"
bzgflig5,0.0,"(-314.02, -327.3, 2.46, 256)"
bzug0it2,0.0,"(-11.55, -11.55, 2.3, 128)"
c11ertj5,0.0,"(-190.31, -238.73, 2.46, 156)"
c1m3o55i,0.0,"(-315.43, -309.16, 2.46, 256)"
c1y5ayyo,0.5874717068311983,"(-239.51, -66.57, 3.895, 128)"
c2guwjp0,3.4305883518017546,"(-226.22, -86.44, 3.895, 128)"
c2keivli,43.1567077094514,"(182.2, -199.86, 2.398, 128)"
c2rh2xk2,4.603225711713183,"(-215.11, -111.58, 3.895, 128)"
c37rln36,4.166175719071374,"(-225.49, -89.05, 3.895, 128)"
c50b8y5d,2.5335785570487412,"(-278.12, -44.12, 3.895, 128)"
c5rqnsvs,5.656735330020112,"(-209.12, -102.9, 3.895, 128)"
c76ub7l8,0.0,"(-11.55, -11.55, 2.3, 128)"
c7jvlcg1,0.0,"(-316.48, -324.84, 2.46, 256)"
c8nog85d,23.699251286742,"(-503.15, 203.63, 3.895, 128)"
c9h42m44,0.0,"(-11.55, -11.55, 2.3, 128)"
cagrp2u4,0.0,"(-11.55, -11.55, 2.3, 128)"
ccprhvlz,0.0,"(-101.95, 100.73, 1.605, 128)"
cd31nrxd,0.0,"(-315.43, -309.16, 2.46, 256)"
cd5glqj5,0.0,"(-11.55, -11.55, 2.3, 128)"
cdyk0x65,0.0,"(-105.0, 131.86, 1.654, 128)"
cgdc5tao,0.0,"(-317.89, -314.08, 2.46, 256)"
cho3xjvo,10.998214150750849,"(-110.43, -166.47, 3.895, 128)"
cj4t0sek,0.0,"(-103.69, 50.75, 1.633, 128)"
cjg8vuaz,0.0,"(-315.43, -306.7, 2.46, 256)"
cjwtl9tq,0.44514534399621875,"(-244.12, -68.74, 3.895, 128)"
cof3138i,0.0,"(-323.86, -324.84, 2.46, 256)"
cpprcjiw,0.0,"(-11.55, -11.55, 2.3, 128)"
cpsiln3o,0.0,"(-316.48, -327.3, 2.46, 256)"
cpweijmm,0.5874717068311983,"(-239.53, -87.8, 3.895, 128)"
cqxcs1xs,4.603225711713183,"(-215.98, -98.29, 3.895, 128)"
cslqc3c5,0.0,"(-92.8, 90.02, 1.461, 128)"
ctwjlsh3,0.0,"(-11.55, -11.55, 2.3, 128)"
cua09pci,6.284824396319604,"(-226.54, -96.55, 3.895, 128)"
cv1ltwbj,12.959178879209151,"(-189.78, 58.11, 2.398, 128)"
cw2lbm2q,0.0,"(-315.43, -306.7, 2.46, 256)"
cw9yil8s,0.0,"(-315.43, -309.16, 2.46, 256)"
cwbfuk9e,0.44514534399621875,"(-244.12, -84.44, 3.895, 128)"
cxz2ei92,0.0,"(-317.89, -309.16, 2.46, 256)"
d05jh2mk,4.122434465585101,"(-143.43, 33.27, 2.398, 128)"
d0tgsiwg,0.0,"(-317.89, -309.16, 2.46, 256)"
d14ve92m,0.44514534399621875,"(-244.12, -71.74, 3.895, 128)"
d2ff5l6b,4.79000929097867,"(-377.51, -232.46, 2.46, 256)"
d2sw24wj,11.033819548154858,"(-199.93, 50.54, 2.398, 128)"
d32lx2to,0.0,"(-315.43, -306.7, 2.46, 256)"
d3irvxd2,0.0,"(-314.02, -334.68, 2.46, 256)"
d44k1j6f,0.0,"(-87.14, 85.56, 1.372, 128)"
d7x48wze,0.0,"(-312.97, -314.08, 2.46, 256)"
d7yxw1tb,0.0,"(-317.89, -309.16, 2.46, 256)"
d84u89yj,0.44514534399621875,"(-244.12, -59.54, 3.895, 128)"
d8clw3jg,3.208055448126738,"(-126.05, 5.87, 2.398, 128)"
d8ur6tia,0.0,"(-301.72, -342.06, 2.46, 256)"
d9er94te,0.0,"(-314.02, -322.38, 2.46, 256)"
dbdw2pcn,0.0,"(-175.55, -188.5, 2.46, 144)"
de1e1630,0.0,"(-318.94, -324.84, 2.46, 256)"
df7fr91i,0.0,"(-315.43, -306.7, 2.46, 256)"
df7pchcb,0.0,"(-315.43, -304.24, 2.46, 256)"
dfovd79c,6.52054234108881,"(-328.4, 13.8, 3.895, 128)"
dg1wjuii,0.0,"(-315.43, -306.7, 2.46, 256)"
dhgzz0jk,0.0,"(-11.55, -11.55, 2.3, 128)"
dhvs41lq,13.138476610548013,"(-120.32, 15.82, 2.398, 128)"
dhylurtp,0.44514534399621875,"(-244.12, -77.64, 3.895, 128)"
dihsa7he,0.0,"(-11.55, -11.55, 2.3, 128)"
diu1jtka,0.0,"(-318.94, -324.84, 2.46, 256)"
dkejp5k7,0.0,"(-311.56, -329.76, 2.46, 256)"
dkvuff12,0.0,"(-315.74, -323.49, 2.46, 256)"
dl7fkndg,8.276302356031865,"(-161.07, 36.72, 2.398, 128)"
dn1mxf1p,3.5030243028199686,"(-200.26, -108.62, 3.895, 128)"
do0d3fvn,11.10831984284043,"(-164.13, 40.6, 2.398, 128)"
do7002g3,0.0,"(-312.97, -306.7, 2.46, 256)"
dpdxujjc,7.33751498575831,"(-239.6, -102.45, 3.895, 128)"
dtbh55rb,0.0,"(-11.55, -11.55, 2.3, 128)"
dvlnknd6,0.0,"(-11.55, -11.55, 2.3, 128)"
dwwo8nbh,0.0,"(-11.55, -11.55, 2.3, 128)"
dyms1mwn,6.1809291503035935,"(-293.45, -30.47, 3.895, 128)"
dyt9moge,0.44514534399621875,"(-244.12, -79.45, 3.895, 128)"
dzr1yxr2,0.44514534399621875,"(-244.12, -67.94, 3.895, 128)"
e088o98b,0.0,"(-11.55, -11.55, 2.3, 128)"
e0qc96mj,0.0,"(-311.56, -327.3, 2.46, 256)"
e13n3bzt,0.0,"(-11.55, -11.55, 2.3, 128)"
e1xtar0k,0.0,"(-316.48, -324.84, 2.46, 256)"
e27zeoqg,0.0,"(-315.43, -311.62, 2.46, 256)"
e2gjr81b,0.5874717068311983,"(-239.51, -82.97, 3.895, 128)"
e49ite92,0.0,"(-316.48, -327.3, 2.46, 256)"
e54ukigd,0.0,"(-197.21, -259.04, 2.46, 162)"
e63lbqgu,0.0,"(-11.55, -11.55, 2.3, 128)"
e64skbcb,8.246155784415405,"(-340.16, 27.61, 3.895, 128)"
e6zvlhyl,10.335793440512916,"(-145.1, -170.87, 3.895, 128)"
e9i0hn3f,4.79000929097867,"(-389.54, -256.77, 2.46, 256)"
e9qdi3g1,0.0,"(-209.85, -49.85, 3.305, 128)"
e9vifttd,0.44514534399621875,"(-244.12, -80.14, 3.895, 128)"
eal2w37d,0.0,"(-93.24, 54.23, 1.468, 128)"
eavedhr3,10.936227869998167,"(-202.14, 101.21, 2.398, 128)"
eaxylnfx,0.0,"(-317.89, -311.62, 2.46, 256)"
ecjtr0m6,0.0,"(-314.02, -322.38, 2.46, 256)"
ed8u8noz,0.7362266640604821,"(-201.65, -54.21, 3.296, 128)"
edbcy8ny,7.662551306486584,"(-315.27, -5.4, 3.895, 128)"
edhhjshz,0.0,"(-11.55, -11.55, 2.3, 128)"
ef828xg8,0.0,"(-11.55, -11.55, 2.3, 128)"
efj31ego,0.0,"(-314.02, -310.08, 2.46, 256)"
efjawshm,0.0,"(-315.43, -304.24, 2.46, 256)"
efqjg02u,0.0,"(-93.24, 93.67, 1.468, 128)"
eghpmxpk,0.0,"(-301.17, -355.15, 2.46, 256)"
egi3qupx,2.0210772240950643,"(-242.12, -66.04, 3.895, 128)"
egry58vr,5.533001780713933,"(-263.88, -50.67, 3.895, 128)"
ehe2atn2,0.0,"(-111.53, 68.81, 1.756, 128)"
ehlh07jr,9.469319960100213,"(-223.04, 93.22, 2.398, 128)"
ehvdo9kh,6.7560757083830865,"(-312.33, 18.65, 3.895, 128)"
ehwhg0u4,4.938520448954688,"(-189.43, 74.05, 2.398, 128)"
ei3zrrhf,0.0,"(-315.43, -306.7, 2.46, 256)"
ej31gymd,0.0,"(-11.55, -11.55, 2.3, 128)"
ejklcp9u,0.0,"(-316.48, -322.38, 2.46, 256)"
ek3zezqa,0.0,"(-93.24, 73.27, 1.468, 128)"
ek4aegvf,0.0,"(-317.89, -309.16, 2.46, 256)"
ekntbz3m,0.0,"(-315.43, -309.16, 2.46, 256)"
el8mwob4,10.570445825356785,"(-147.54, -4.73, 2.398, 128)"
elrqvslw,0.0,"(-93.24, 131.81, 1.468, 128)"
emc20lsj,0.0,"(-311.56, -329.76, 2.46, 256)"
emdmz5rg,10.221360085962793,"(-107.97, -36.25, 2.398, 128)"
en7yjf30,0.0,"(-314.02, -324.84, 2.46, 256)"
epl7zqpp,2.487654555193788,"(-169.51, 36.23, 2.398, 128)"
eq8dh9pt,10.32254325086931,"(-161.93, 54.37, 2.398, 128)"
eqe5158o,5.112747887449938,"(-153.97, 12.12, 2.398, 128)"
erev361x,0.0,"(-315.43, -306.7, 2.46, 256)"
es5cs9ui,0.0,"(-157.85, -161.3, 2.46, 130)"
etk5lp9c,0.0,"(-314.02, -351.9, 2.46, 256)"
eu6zu1to,4.79000929097867,"(-421.61, -236.62, 2.46, 256)"
eubfn9kr,4.106781520348154,"(-233.96, -64.98, 3.895, 128)"
euc1hh5l,0.44514534399621875,"(-244.12, -77.94, 3.895, 128)"
euswrgvz,0.0,"(-315.43, -309.16, 2.46, 256)"
ev4dh9ug,0.0,"(-311.56, -329.76, 2.46, 256)"
ew25x1fv,0.0,"(-162.77, -166.44, 2.46, 134)"
f0onjpi1,0.0,"(-315.43, -311.62, 2.46, 256)"
f10oo1pv,0.0,"(-306.64, -329.76, 2.46, 256)"
f1hx6zdc,0.0,"(-320.35, -309.16, 2.46, 256)"
f309hsuw,0.0,"(-309.1, -327.3, 2.46, 256)"
f4ln5rgs,0.0,"(-318.94, -327.3, 2.46, 256)"
f5gzpl1q,0.0,"(-317.89, -304.24, 2.46, 256)"
f6a4fejg,0.44514534399621875,"(-244.12, -86.44, 3.895, 128)"
f8krd5eq,0.44514534399621875,"(-244.12, -85.64, 3.895, 128)"
f8wxkk2a,10.22413816507794,"(-175.37, 56.23, 2.398, 128)"
f90km3tz,0.0,"(-93.24, 80.2, 1.468, 128)"
fa39e3nw,0.0,"(-11.55, -11.55, 2.3, 128)"
fbmenui3,0.0,"(-317.89, -311.62, 2.46, 256)"
fc1xx6cw,3.977978963400911,"(-243.82, -68.18, 3.895, 128)"
fdd7r193,9.682379239076438,"(-140.24, 10.84, 2.398, 128)"
fdxk31wb,0.0,"(-209.85, -73.95, 3.305, 128)"
fezac2ex,0.0,"(-221.63, -233.23, 3.591, 128)"
fflncc2a,0.0,"(-152.93, -156.53, 2.46, 126)"
fflzm764,0.0,"(-135.2, 58.5, 2.129, 128)"
ffz8q4vh,5.755504738909317,"(-279.67, -45.49, 3.895, 128)"
fieecy2c,6.261383887597521,"(-317.38, -2.99, 3.895, 128)"
fknwbhkv,4.79000929097867,"(-392.65, -257.95, 2.46, 256)"
fl0ukeyz,0.44514534399621875,"(-244.12, -71.84, 3.895, 128)"
flsehuds,0.0,"(-11.55, -11.55, 2.3, 128)"
flul1rsr,0.0,"(-107.18, 88.94, 1.688, 128)"
flwdr3vw,5.722145549677363,"(-301.18, 13.62, 3.895, 128)"
fnkomv2x,0.0,"(-101.08, 59.39, 1.592, 128)"
fnm88ua3,2.0297024505707233,"(-142.12, 11.98, 2.398, 128)"
focnqdqx,3.1382675572117096,"(-150.82, 22.19, 2.398, 128)"
foy4dd1v,0.0,"(-11.55, -11.55, 2.3, 128)"
fqxlbvn7,5.493420016097282,"(-181.34, 67.88, 2.398, 128)"
frml29q2,0.0,"(-315.43, -309.16, 2.46, 256)"
fs6hn95s,1.8291453143728376,"(-135.93, 3.43, 2.398, 128)"
fshb0oqv,0.0,"(-315.43, -309.16, 2.46, 256)"
ft07x5ic,2.1686301043045906,"(-149.17, 11.99, 2.398, 128)"
ftlo4qdb,4.925652203785303,"(-304.54, -17.47, 3.895, 128)"
fwdc112h,7.125993897853539,"(-214.65, -119.9, 3.895, 128)"
fwg895na,0.8147951773276845,"(-199.24, -26.74, 3.296, 128)"
fxhkc856,0.0,"(-11.55, -11.55, 2.3, 128)"
g06xr3ur,9.672356612771452,"(-145.55, 31.53, 2.398, 128)"
g0fn9xuy,0.0,"(-185.39, -234.32, 2.46, 152)"
g2qzw3c1,0.0,"(-105.0, 76.17, 1.654, 128)"
g585i87x,8.66713573029933,"(-339.91, 15.95, 3.895, 128)"
g5rifwr0,0.0,"(-314.02, -312.54, 2.46, 256)"
g6a8mlik,0.0,"(-304.18, -329.76, 2.46, 256)"
g7f9fzja,0.0,"(-285.74, -274.24, 4.42, 128)"
g7nfdinu,0.0,"(-209.85, -48.09, 3.305, 128)"
g84d4r9v,9.349832219210434,"(-138.66, -187.74, 3.895, 128)"
gbmxikvr,2.487654555193788,"(-169.51, 35.83, 2.398, 128)"
gc5wi6fq,0.5474698475555495,"(-243.6, -96.52, 3.895, 128)"
gd1t53yk,3.164248230992131,"(-215.86, -105.57, 3.895, 128)"
ge9ny3mu,0.0,"(-170.15, -207.46, 2.46, 140)"
gfliji18,0.0,"(-11.55, -11.55, 2.3, 128)"
gfvnnvbz,0.0,"(-318.94, -322.38, 2.46, 256)"
gg0v5dta,7.686970501986968,"(-214.31, -107.32, 3.895, 128)"
ggo9dvws,0.0,"(-177.53, -207.19, 2.46, 146)"
ggomf9pm,0.0,"(-315.43, -309.16, 2.46, 256)"
ggxp5cit,0.8443489183065792,"(-199.03, -77.43, 3.296, 128)"
ggy5kov1,5.703572637507254,"(-174.18, 45.89, 2.398, 128)"
ghdiluvn,0.0,"(-221.63, -233.23, 3.591, 128)"
ghm56vu6,0.8147951773276845,"(-199.34, -62.38, 3.296, 128)"
gk6t9dhs,9.450500732408749,"(-189.54, -137.13, 3.895, 128)"
gkwwjwga,0.0,"(-317.89, -306.7, 2.46, 256)"
gkzjrumx,0.0,"(-311.56, -327.3, 2.46, 256)"
glh62c9t,0.0,"(-11.55, -11.55, 2.3, 128)"
gmd478mf,6.796797737151099,"(-313.49, 17.52, 3.895, 128)"
gnzs43c5,0.0,"(-93.24, 93.67, 1.468, 128)"
go8jn42x,0.0,"(-11.55, -11.55, 2.3, 128)"
gok01tnz,0.0,"(-317.89, -331.3, 2.46, 256)"
gom6736z,0.7362266640604821,"(-201.68, -55.01, 3.296, 128)"
gpcivi05,10.542964564900778,"(-63.93, -64.39, 2.398, 128)"
gqpq8r4h,4.79000929097867,"(-389.15, -240.87, 2.46, 256)"
gses6m03,0.0,"(-97.16, 85.76, 1.53, 128)"
gss8k5ij,0.0,"(-316.48, -312.54, 2.46, 256)"
gstqmgvu,0.0,"(-312.97, -306.7, 2.46, 256)"
gublmntf,3.3572615441565787,"(-239.58, -61.54, 3.895, 128)"
gv0e38da,0.44514534399621875,"(-244.19, -70.02, 3.895, 128)"
gv3z6bz8,0.0,"(-11.55, -11.55, 2.3, 128)"
gv812hnc,0.0,"(-312.61, -326.26, 2.46, 256)"
gxl9ysu5,0.0,"(-314.02, -322.38, 2.46, 256)"
gyspengw,0.0,"(-11.55, -11.55, 2.3, 128)"
gzr7txcb,0.0,"(-11.55, -11.55, 2.3, 128)"
h05hhiwf,0.0,"(-308.05, -350.98, 2.46, 256)"
h1xjg2y8,6.19155677620425,"(-212.62, -94.68, 3.895, 128)"
h2m5zja8,0.44514534399621875,"(-244.12, -74.44, 3.895, 128)"
h33hw8d0,0.0,"(-148.01, -151.79, 2.46, 122)"
h3wqa1vr,0.0,"(-314.02, -329.76, 2.46, 256)"
h55hewlg,0.0,"(-317.89, -309.16, 2.46, 256)"
h61iaoim,0.0,"(-11.55, -11.55, 2.3, 128)"
h62myz9v,0.5874717068311983,"(-239.53, -71.68, 3.895, 128)"
h7u0s3kd,0.0,"(-311.56, -322.38, 2.46, 256)"
hc8cah3g,18.76863760591909,"(-49.12, -53.35, 2.398, 128)"
hdcv4bkt,4.476579361575425,"(-185.1, 52.66, 2.398, 128)"
hdczp0nw,0.0,"(-155.39, -159.18, 2.46, 128)"
hdiy4nrm,4.79000929097867,"(-389.98, -230.85, 2.46, 256)"
hg5zmtga,4.499612915501073,"(-187.04, -111.14, 3.895, 128)"
hie9ede1,0.6080793207443282,"(-252.52, -19.06, 3.895, 128)"
hkbm00e9,2.5335785570487412,"(-278.15, -25.07, 3.895, 128)"
hl88kzru,0.0,"(-11.55, -11.55, 2.3, 128)"
hn14eb87,0.0,"(-312.97, -304.24, 2.46, 256)"
hr07n8vo,6.680646123731946,"(-274.7, -18.25, 3.895, 128)"
hruu5e51,0.0,"(-311.56, -324.84, 2.46, 256)"
hsao2qwk,0.0,"(-221.63, -233.23, 3.591, 128)"
hsg04ajm,0.0,"(-314.02, -327.3, 2.46, 256)"
ht2xz52o,14.002674998323608,"(-414.52, 110.81, 3.895, 128)"
htfnsgpy,0.0,"(-209.85, -51.6, 3.305, 128)"
hu97ng0a,4.79000929097867,"(-394.07, -240.91, 2.46, 256)"
hukwqvr1,0.0,"(-11.55, -11.55, 2.3, 128)"
huxg2myr,0.0,"(-315.43, -306.7, 2.46, 256)"
hv3a3zmf,0.0,"(-180.47, -237.57, 2.46, 148)"
hwtek17m,0.0,"(-311.56, -324.84, 2.46, 256)"
hxa7hy7a,0.7362266640604821,"(-201.71, -61.73, 3.296, 128)"
hz72kxsj,0.0,"(-306.64, -332.22, 2.46, 256)"
i1nq0ei0,4.79000929097867,"(-370.58, -256.16, 2.46, 256)"
i26lh07b,0.0,"(-314.02, -324.84, 2.46, 256)"
i2ooq42n,0.5874717068311983,"(-239.56, -58.05, 3.895, 128)"
i33993n4,0.7362266640604821,"(-201.67, -36.9, 3.296, 128)"
i3pj7k99,0.0,"(-255.0, -255.0, 2.0, 128)"
i9g5dzx5,0.0,"(-11.55, -11.55, 2.3, 128)"
i9nb74x2,0.0,"(-89.75, 70.11, 1.413, 128)"
iaakytt3,0.0,"(-11.55, -11.55, 2.3, 128)"
iaw4otuo,0.0,"(-314.02, -327.3, 2.46, 256)"
ibu4fmpk,0.0,"(-11.55, -11.55, 2.3, 128)"
ie3lvo0i,6.4601237198074815,"(-281.7, 11.5, 3.895, 128)"
ijkcu5x0,12.203801524335073,"(-210.05, 95.7, 2.398, 128)"
ilcg6far,8.405528406986207,"(-178.08, 59.27, 2.398, 128)"
imj70e3p,0.0,"(-11.55, -11.55, 2.3, 128)"
in3oeuvt,0.0,"(-11.55, -11.55, 2.3, 128)"
in9rg4xv,0.0,"(-157.85, -161.31, 2.46, 130)"
inuxl39d,0.0,"(-314.02, -324.84, 2.46, 256)"
irjutfvj,0.0,"(-221.63, -233.23, 3.591, 128)"
isetuk1o,10.736943039747288,"(-180.89, 71.21, 2.398, 128)"
isutp04s,0.0,"(-314.02, -327.3, 2.46, 256)"
ivh6t1nt,0.0,"(-11.55, -11.55, 2.3, 128)"
ivxan25w,17.515357594162737,"(-453.51, 168.5, 3.895, 128)"
ix1cnaq2,0.0,"(-189.83, -209.57, 2.46, 156)"
ixzareiy,0.0,"(-11.55, -11.55, 2.3, 128)"
izxtnsrt,0.0,"(-312.97, -309.16, 2.46, 256)"
izzqy72w,0.44514534399621875,"(-244.12, -76.54, 3.895, 128)"
j2h1tlom,0.0,"(-309.1, -332.22, 2.46, 256)"
j35yrg29,0.0,"(-314.02, -332.22, 2.46, 256)"
j36tcfkj,0.0,"(-315.43, -306.7, 2.46, 256)"
j3muurmy,0.0,"(-11.55, -11.55, 2.3, 128)"
j49itn7s,0.49649915254589755,"(-243.45, -82.62, 3.895, 128)"
j4pnjy1o,0.0,"(-312.97, -306.7, 2.46, 256)"
j5ewfwbe,0.0,"(-311.56, -324.84, 2.46, 256)"
j6ac4jrc,0.0,"(-157.85, -161.34, 2.46, 130)"
j6vv8suo,4.52418553274822,"(-303.47, 23.97, 3.895, 128)"
j7dpfssb,20.88229864029178,"(-134.17, 56.29, 2.398, 128)"
j7q4kfmm,0.0,"(-314.02, -312.3, 2.46, 256)"
j84rx6pr,0.5874717068311983,"(-239.53, -55.08, 3.895, 128)"
j9hvchrm,12.89813821937382,"(-196.31, 95.22, 2.398, 128)"
jcns6g29,0.0,"(-11.55, -11.55, 2.3, 128)"
jcy127h6,10.944033200852633,"(-360.8, 71.95, 3.895, 128)"
jd2v1l1v,0.0,"(-314.02, -329.76, 2.46, 256)"
jd3ih66w,3.120184257850246,"(-235.27, -67.93, 3.895, 128)"
jdcz1oa3,0.0,"(-316.48, -310.08, 2.46, 256)"
jdn8ezp7,3.5275544878612877,"(-290.84, -15.99, 3.895, 128)"
jdx0pkov,8.501984423715097,"(-160.52, 18.71, 2.398, 128)"
je2ab2rv,0.0,"(-310.51, -319.0, 2.46, 256)"
jedgfjdl,4.51757285432877,"(-216.33, -99.42, 3.895, 128)"
jegqtoam,0.0,"(-11.55, -11.55, 2.3, 128)"
jeqa2o4m,0.0,"(-314.02, -329.76, 2.46, 256)"
jeyn9382,0.0,"(-108.92, 73.65, 1.715, 128)"
jgzlma5u,0.0,"(-103.26, 53.11, 1.626, 128)"
ji9kqdgb,0.0,"(-11.55, -11.55, 2.3, 128)"
jidknwi5,0.0,"(-93.24, 107.72, 1.468, 128)"
jja26yfp,0.44514534399621875,"(-244.12, -91.04, 3.895, 128)"
jjy4mzvm,0.0,"(-294.34, -346.98, 2.46, 256)"
jks4i2nr,0.0,"(-314.02, -322.38, 2.46, 256)"
jl6l91f4,3.3572615441565787,"(-241.08, -82.56, 3.895, 128)"
jmk4x1fd,0.6413778939419499,"(-145.74, 11.79, 2.398, 128)"
joqw5dsk,0.0,"(-11.55, -11.55, 2.3, 128)"
jpx16f1k,0.0,"(-199.67, -245.64, 2.46, 164)"
jq7w7jp6,0.0,"(-315.43, -301.78, 2.46, 256)"
jtgq01te,0.0,"(-11.55, -11.55, 2.3, 128)"
juis2gy9,10.049590918992477,"(-120.94, -165.14, 3.895, 128)"
juy0bvr6,0.44514534399621875,"(-244.12, -73.34, 3.895, 128)"
jwtektsg,0.0,"(-153.36, 104.44, 2.415, 128)"
jwv2qnrm,0.0,"(-289.42, -322.38, 2.46, 256)"
jxepq85j,0.0,"(-207.53, -261.06, 2.46, 170)"
jz09owgm,4.79000929097867,"(-392.02, -252.31, 2.46, 256)"
jz6us7rp,0.0,"(-312.97, -314.08, 2.46, 256)"
jzm3618l,0.0,"(-316.48, -322.38, 2.46, 256)"
jzv9nou3,8.077473270395867,"(-180.29, -101.45, 3.895, 128)"
k0axycel,0.0,"(-11.55, -11.55, 2.3, 128)"
k0vm59m6,0.0,"(-11.55, -11.55, 2.3, 128)"
k1pbcd6f,0.0,"(-189.83, -193.63, 2.46, 156)"
k2l0d1b4,0.0,"(-11.55, -11.55, 2.3, 128)"
k2vmwwyz,0.44514534399621875,"(-244.12, -76.54, 3.895, 128)"
k30lvylk,0.0,"(-11.55, -11.55, 2.3, 128)"
k36m8jvh,0.0,"(-315.43, -309.16, 2.46, 256)"
k3ny9v20,0.0,"(-93.24, 87.37, 1.468, 128)"
k3tgmalw,0.0,"(-311.56, -330.13, 2.46, 256)"
k5j42oi6,5.881550842860817,"(-169.12, 27.3, 2.398, 128)"
k63rvwoz,0.0,"(-209.85, -42.08, 3.305, 128)"
k7orfqla,10.51740703529664,"(-377.11, 94.37, 3.895, 128)"
k83tqll8,0.44514534399621875,"(-244.12, -59.04, 3.895, 128)"
k8hup3ft,0.0,"(-177.53, -239.07, 2.46, 146)"
k9tr74qg,0.0,"(-107.61, 73.72, 1.695, 128)"
k9w9pfb3,0.0,"(-317.89, -311.62, 2.46, 256)"
kbp2qd6v,0.0,"(-93.24, 73.97, 1.468, 128)"
kbrh7lay,0.0,"(-11.55, -11.55, 2.3, 128)"
kdc9x5jz,0.0,"(-11.55, -11.55, 2.3, 128)"
kdgigatj,0.44514534399621875,"(-244.12, -81.54, 3.895, 128)"
kdts1fb2,1.5473825316630474,"(-265.36, -13.06, 3.895, 128)"
kduwtn5p,9.363817400102448,"(-167.63, 57.76, 2.398, 128)"
keh5sw22,0.0,"(-11.55, -11.55, 2.3, 128)"
kern6yjm,0.0,"(-306.64, -332.22, 2.46, 256)"
kgeuidji,0.0,"(-315.43, -306.7, 2.46, 256)"
kgmih6mv,3.3572615441565787,"(-239.53, -52.31, 3.895, 128)"
kh5840ac,0.0,"(-314.02, -324.84, 2.46, 256)"
khf33guw,2.487654555193788,"(-169.51, 36.43, 2.398, 128)"
ki3x7995,9.638873366407214,"(-180.92, -137.94, 3.895, 128)"
kjxjq5nv,0.0,"(-312.97, -306.7, 2.46, 256)"
kkhzlm72,0.0,"(-93.24, 66.37, 1.468, 128)"
kkv9rftm,0.49649915254589755,"(-243.45, -81.92, 3.895, 128)"
kkzmpjrh,0.0,"(-100.21, 74.22, 1.578, 128)"
kmalq5u6,4.020659418741253,"(-266.45, -59.68, 3.895, 128)"
knl2luhh,0.0,"(-314.02, -317.46, 2.46, 256)"
koefukpv,16.789877009930706,"(-97.97, -207.28, 3.895, 128)"
kpk7yswn,0.0,"(-318.94, -319.92, 2.46, 256)"
kps0dxme,3.6811712722158765,"(-289.52, -4.39, 3.895, 128)"
krzd5e9p,0.0,"(-11.55, -11.55, 2.3, 128)"
ktlzkj49,0.0,"(-11.55, -11.55, 2.3, 128)"
ktmqg6nx,0.0,"(-311.56, -329.76, 2.46, 256)"
kvqywj85,7.415617511206315,"(-319.09, -11.18, 3.895, 128)"
kwe4bx4l,0.0,"(-312.97, -311.62, 2.46, 256)"
kz40aq15,6.109629728291067,"(-257.1, -52.03, 3.895, 128)"
l28r5p03,12.74263544108447,"(-162.08, 64.58, 2.398, 128)"
l48c1cqg,0.0,"(-315.43, -306.7, 2.46, 256)"
l51flmna,5.40730870165608,"(-305.25, -20.59, 3.895, 128)"
l5u7nted,7.346747965707666,"(-236.17, -1.48, 3.895, 128)"
l7jy7otk,0.8443489183065792,"(-199.08, -44.29, 3.296, 128)"
l8a78e9r,0.0,"(-11.55, -11.55, 2.3, 128)"
l9ln1p0v,0.0,"(-310.51, -304.24, 2.46, 256)"
la8s8hmb,0.0,"(-104.56, 102.15, 1.647, 128)"
lb25485h,4.7047572774710105,"(-239.55, -75.85, 3.895, 128)"
lbpj8t22,4.52418553274822,"(-303.48, -1.28, 3.895, 128)"
lcfr7cl6,0.0,"(-175.07, -210.04, 2.46, 144)"
lctt058c,0.0,"(-311.56, -327.3, 2.46, 256)"
lfzkicwm,0.0,"(-315.43, -309.16, 2.46, 256)"
li076a3k,0.0,"(-11.55, -11.55, 2.3, 128)"
ljefy3zb,0.0,"(-11.55, -11.55, 2.3, 128)"
ll8sn5yz,0.0,"(-150.47, -153.94, 2.46, 124)"
ll9rzrkb,13.421258702444886,"(-186.56, 88.79, 2.398, 128)"
llwb7sjw,0.0,"(-315.43, -306.7, 2.46, 256)"
lm349el8,0.0,"(-11.55, -11.55, 2.3, 128)"
lnd581lt,0.0,"(-306.64, -337.51, 2.46, 256)"
lo0hhgh5,0.8147951773276845,"(-199.29, -50.68, 3.296, 128)"
lorxdtg5,0.0,"(-11.55, -11.55, 2.3, 128)"
lqga3qup,0.0,"(-314.02, -327.3, 2.46, 256)"
lslaym0w,0.0,"(-312.97, -316.54, 2.46, 256)"
lt4q9bc2,13.452531436236134,"(-90.16, -227.95, 3.895, 128)"
lu3ndz3c,8.978139409221736,"(-137.1, -175.88, 3.895, 128)"
lu8wpfq2,3.663034155534425,"(-198.46, -124.04, 3.895, 128)"
lurmw3uq,4.79000929097867,"(-383.59, -248.2, 2.46, 256)"
lw0vs52s,0.0,"(-315.43, -306.7, 2.46, 256)"
lx6dut07,0.0,"(-135.06, 103.8, 2.127, 128)"
ly8ozcyw,0.44514534399621875,"(-244.12, -71.74, 3.895, 128)"
lzn9uhjp,5.934937336534345,"(-114.51, -4.55, 2.398, 128)"
m0g8w85y,3.959569599645134,"(-174.57, 35.44, 2.398, 128)"
m0l2ljk4,0.0,"(-11.55, -11.55, 2.3, 128)"
m291azhz,0.0,"(-318.94, -324.84, 2.46, 256)"
m3pp00cd,0.0,"(-314.02, -324.84, 2.46, 256)"
m62hdxc6,4.79000929097867,"(-390.38, -226.06, 2.46, 256)"
m72qlgdv,5.82890732363415,"(-305.7, -28.08, 3.895, 128)"
m7pp0pnn,0.8443489183065792,"(-199.13, -77.12, 3.296, 128)"
m7vh30qb,0.0,"(-316.48, -327.3, 2.46, 256)"
me8f8409,0.44514534399621875,"(-244.12, -99.34, 3.895, 128)"
mf4nnkm9,3.262670348769295,"(-275.98, -39.42, 3.895, 128)"
mg87oi0e,0.0,"(-11.55, -11.55, 2.3, 128)"
mgjcy4v8,17.783809632778173,"(-101.85, -2.61, 2.398, 128)"
mi6kti22,10.692624424602219,"(-209.7, 101.81, 2.398, 128)"
mjdimbm2,7.8164446001589445,"(-337.04, 55.07, 3.895, 128)"
mjdxo100,0.0,"(-315.43, -309.16, 2.46, 256)"
mjsrd9q4,0.0,"(-11.55, -11.55, 2.3, 128)"
mk2zyzsi,7.368749221070971,"(-219.74, -114.71, 3.895, 128)"
mkoh109z,3.4042640628158236,"(-149.67, 17.3, 2.398, 128)"
mmxixv6c,1.5473825316630474,"(-265.95, -32.67, 3.895, 128)"
mpq0hzyj,0.0,"(-309.1, -327.3, 2.46, 256)"
mpryfzmy,8.045225118186893,"(-170.04, 51.44, 2.398, 128)"
mqf7zk94,4.52418553274822,"(-303.45, 16.48, 3.895, 128)"
msy3paua,0.0,"(-314.02, -329.76, 2.46, 256)"
mts1egpg,3.1382675572117096,"(-150.82, 11.99, 2.398, 128)"
mu7jae58,0.0,"(-317.89, -306.7, 2.46, 256)"
mufm8zov,0.0,"(-111.53, 130.45, 1.756, 128)"
muzuqed0,0.0,"(-314.02, -327.3, 2.46, 256)"
mv30qabx,10.899185430446963,"(-365.78, 27.08, 3.895, 128)"
mvxpj4hn,0.44514534399621875,"(-244.12, -81.34, 3.895, 128)"
mwu4cfil,0.0,"(-312.97, -309.16, 2.46, 256)"
mwuecpnc,7.676326346892913,"(-145.59, 37.27, 2.398, 128)"
mxlvz4qk,7.519446853816449,"(-340.79, 82.86, 3.895, 128)"
myx444nl,0.5474698475555495,"(-243.6, -64.42, 3.895, 128)"
mz2k1ko6,2.487654555193788,"(-169.51, 36.23, 2.398, 128)"
mzsgipps,0.0,"(-97.16, 74.64, 1.53, 128)"
n2hloiki,0.0,"(-152.93, -156.44, 2.46, 126)"
n3b8pfy4,0.0,"(-316.48, -324.84, 2.46, 256)"
n3dkvr5n,0.0,"(-314.02, -327.3, 2.46, 256)"
n8lfjdtv,0.0,"(-11.55, -11.55, 2.3, 128)"
n8lpy857,5.876648875864402,"(-172.3, -140.58, 3.895, 128)"
n9wszv83,0.0,"(-315.43, -309.16, 2.46, 256)"
na6u48gw,0.7362266640604821,"(-201.67, -55.58, 3.296, 128)"
nal3gywi,0.0,"(-11.55, -11.55, 2.3, 128)"
nawnga41,0.0,"(-317.89, -306.7, 2.46, 256)"
nbhgfb2f,0.0,"(-306.64, -339.6, 2.46, 256)"
ndfdw79w,0.0,"(-315.43, -304.24, 2.46, 256)"
ndxjn7de,0.0,"(-304.18, -332.22, 2.46, 256)"
nf7c3dd0,0.44514534399621875,"(-244.12, -76.54, 3.895, 128)"
nffykpl3,12.822461082070182,"(-364.11, 87.78, 3.895, 128)"
ngz6wmdw,8.110766684833353,"(-337.02, 30.47, 3.895, 128)"
ni8tndfw,0.0,"(-318.94, -327.3, 2.46, 256)"
njc2goui,0.0,"(-160.31, -164.04, 2.46, 132)"
nkb4ehou,0.0,"(-11.55, -11.55, 2.3, 128)"
nklybwgm,4.79000929097867,"(-399.69, -244.6, 2.46, 256)"
nl63gagu,5.510524018016967,"(-160.08, 46.37, 2.398, 128)"
nlhapwf5,0.0,"(-170.15, -203.43, 2.46, 140)"
nmnr06dj,0.0,"(-255.0, -255.0, 2.0, 128)"
nmwvsb0u,0.5874717068311983,"(-239.53, -83.2, 3.895, 128)"
noljq52w,0.0,"(-11.55, -11.55, 2.3, 128)"
nprb58yj,13.566285818049087,"(-186.97, 82.19, 2.398, 128)"
npsv8dkm,0.0,"(-316.48, -322.38, 2.46, 256)"
nqetmni3,0.0,"(-209.85, -49.85, 3.305, 128)"
nqjqijc1,0.0,"(-11.55, -11.55, 2.3, 128)"
nrlst548,0.0,"(-311.56, -332.22, 2.46, 256)"
ntj5r2sl,0.0,"(-177.53, -229.99, 2.46, 146)"
ntrfzwkx,0.0,"(-11.55, -11.55, 2.3, 128)"
nvg5vmf6,0.0,"(-11.55, -11.55, 2.3, 128)"
nwnguczh,5.872863040938628,"(-221.64, -73.53, 3.895, 128)"
ny181acj,0.0,"(-11.55, -11.55, 2.3, 128)"
nz1udbfw,0.0,"(-102.82, 79.69, 1.619, 128)"
nz3a8v4x,5.399757981558328,"(-306.82, -12.27, 3.895, 128)"
nzy47quu,0.0,"(-318.94, -324.84, 2.46, 256)"
o091c795,0.0,"(-315.43, -309.16, 2.46, 256)"
o2nqw4c6,3.252371534246976,"(-212.72, -109.29, 3.895, 128)"
o30ubmc9,0.0,"(-11.55, -11.55, 2.3, 128)"
o31nzsxp,0.0,"(-309.1, -337.14, 2.46, 256)"
o4jnmyk8,4.79000929097867,"(-401.41, -241.87, 2.46, 256)"
o4rq3q7g,0.0,"(-314.02, -329.76, 2.46, 256)"
o4z533zs,6.162215149197458,"(-278.73, -2.04, 3.895, 128)"
o67bxcd2,12.823188623549765,"(-139.49, 38.06, 2.398, 128)"
o6l1f90s,0.0,"(-11.55, -11.55, 2.3, 128)"
o7vbhh5o,10.08702023001027,"(-332.73, 52.46, 3.895, 128)"
o8e7flqh,0.0,"(-11.55, -11.55, 2.3, 128)"
oa2vcywl,4.151129921622154,"(-169.28, 30.6, 2.398, 128)"
oa35qbb3,0.6413778939419499,"(-145.74, 11.39, 2.398, 128)"
oafn33vm,10.589698419973168,"(-188.48, 37.19, 2.398, 128)"
oau8p1wk,21.067146324434077,"(-291.64, 192.43, 2.398, 128)"
ob5apo4l,8.83925192017335,"(-231.74, -104.49, 3.895, 128)"
ods1eeur,0.0,"(-312.97, -304.24, 2.46, 256)"
odsx4nxv,0.0,"(-11.55, -11.55, 2.3, 128)"
ofkjw6ny,5.875847305103115,"(-190.13, -122.3, 3.895, 128)"
ofn1r4kz,0.0,"(-11.55, -11.55, 2.3, 128)"
ofwb0hpm,0.0,"(-105.0, 146.49, 1.654, 128)"
ogwlacol,6.52054234108881,"(-328.4, 9.3, 3.895, 128)"
oi5j8yit,3.252371534246976,"(-210.36, -65.01, 3.895, 128)"
oi9wm1sa,0.8443489183065792,"(-199.12, -77.16, 3.296, 128)"
oiq2q4qe,0.0,"(-11.55, -11.55, 2.3, 128)"
ojrpp7r9,6.260721305396134,"(-319.88, 30.1, 3.895, 128)"
ojtxcf0k,4.79000929097867,"(-395.61, -222.5, 2.46, 256)"
oln3eh1v,12.758119951824764,"(-363.56, 54.98, 3.895, 128)"
om2zkf5b,10.912408008764135,"(-106.64, 19.53, 2.398, 128)"
omrde51k,0.0,"(-311.56, -324.84, 2.46, 256)"
omtzzf8a,0.0,"(-320.35, -294.4, 2.46, 256)"
omuwahk2,0.0,"(-317.89, -309.16, 2.46, 256)"
on8uujs7,5.554126912610251,"(-283.38, -16.48, 3.895, 128)"
onxd70fe,4.348931336022722,"(-239.56, -80.62, 3.895, 128)"
oop767j2,0.0,"(-315.43, -306.7, 2.46, 256)"
oq8jxlfi,4.79000929097867,"(-382.4, -233.02, 2.46, 256)"
oqw9ja2m,0.0,"(-97.59, 67.55, 1.537, 128)"
oriq8hke,0.0,"(-312.97, -316.54, 2.46, 256)"
ork1djrw,12.56456972954089,"(-380.77, 87.67, 3.895, 128)"
os6zle6k,0.0,"(-11.55, -11.55, 2.3, 128)"
os9xtogn,0.44514534399621875,"(-244.12, -65.84, 3.895, 128)"
othlqh7p,6.004857370813081,"(-120.95, -25.85, 2.398, 128)"
oufhw8wl,0.0,"(-301.72, -342.06, 2.46, 256)"
ouhylu6k,0.0,"(-317.89, -306.7, 2.46, 256)"
ouz1egnt,4.925652203785303,"(-306.44, 23.77, 3.895, 128)"
owt9nm3v,0.0,"(-315.43, -309.16, 2.46, 256)"
oyc3rwqm,0.0,"(-315.43, -306.7, 2.46, 256)"
p00nqohn,4.79000929097867,"(-375.78, -245.57, 2.46, 256)"
p3frb7ei,0.0,"(-255.0, -255.0, 2.0, 128)"
p3lyex3s,8.70579879136356,"(-136.3, -183.1, 3.895, 128)"
p6mkt7s1,2.757182316409014,"(-226.58, -100.69, 3.895, 128)"
p6nlnqbu,6.162215149197458,"(-278.57, -18.84, 3.895, 128)"
p8hqmabs,0.0,"(-92.36, 73.92, 1.455, 128)"
p97bmzrr,7.4948330877029585,"(-151.29, -170.79, 3.895, 128)"
p9a9uri7,0.0,"(-305.29, -345.51, 2.46, 256)"
p9lbsmwp,23.1565078027111,"(-135.0, 45.94, 2.398, 128)"
p9w4j66c,0.0,"(-11.55, -11.55, 2.3, 128)"
pbhsahxt,0.0,"(-173.09, -202.13, 2.46, 142)"
pcaduvl9,26.800451216236436,"(-178.91, 48.56, 2.398, 128)"
pceo934t,3.1382675479243103,"(-150.81, 12.42, 2.398, 128)"
peqydbpg,0.0,"(-315.43, -306.7, 2.46, 256)"
pfdrwb2s,0.0,"(-315.43, -306.7, 2.46, 256)"
pfg8pjvr,9.409813142686785,"(-351.09, 6.89, 3.895, 128)"
pgyvyv2g,0.0,"(-317.89, -304.24, 2.46, 256)"
piqnhqe8,4.476579361575425,"(-185.1, 52.46, 2.398, 128)"
pjq50xcx,0.0,"(-314.02, -324.84, 2.46, 256)"
pk0qtl3q,0.0,"(-101.51, 77.98, 1.599, 128)"
pkianouo,0.0,"(-315.43, -306.7, 2.46, 256)"
pkyrybov,0.0,"(-99.34, 87.26, 1.564, 128)"
pnf8f3gr,0.0,"(-312.97, -311.62, 2.46, 256)"
pnsm43d8,0.44514534399621875,"(-244.12, -87.14, 3.895, 128)"
po6j0m3l,0.0,"(-291.88, -337.14, 2.46, 256)"
pocr0vhv,0.0,"(-314.02, -324.84, 2.46, 256)"
ppbmqiyf,4.343869871187965,"(-262.23, -53.72, 3.895, 128)"
pr424tkb,10.215236956956488,"(-119.91, -214.93, 3.895, 128)"
psaldnj7,0.0,"(-306.64, -329.76, 2.46, 256)"
pthowq1g,4.925652203785303,"(-305.3, -12.72, 3.895, 128)"
ptkezjss,0.0,"(-315.43, -309.16, 2.46, 256)"
pu3et1ov,0.0,"(-316.48, -324.84, 2.46, 256)"
pw2gkqra,5.343705341665255,"(-239.54, -60.85, 3.895, 128)"
pwbsf3q0,0.0,"(-317.89, -321.46, 2.46, 256)"
pwh0mx1e,0.0,"(-310.51, -309.16, 2.46, 256)"
q10f7ia4,0.0,"(-255.0, -255.0, 2.0, 128)"
q3b9so0u,0.0,"(-315.43, -309.16, 2.46, 256)"
q3jzr25m,0.0,"(-312.97, -311.62, 2.46, 256)"
q5l2xoio,13.046708707112565,"(-145.58, -174.09, 3.895, 128)"
q5v7c6s5,0.0,"(-11.55, -11.55, 2.3, 128)"
q77z4es3,0.0,"(-314.02, -327.3, 2.46, 256)"
q7jbmjm1,5.493419329530354,"(-181.34, 57.47, 2.398, 128)"
q82k8ryq,5.437101301742418,"(-190.14, 51.58, 2.398, 128)"
q97rcq6w,0.0,"(-175.07, -199.93, 2.46, 144)"
q9wfb76a,0.0,"(-316.48, -324.84, 2.46, 256)"
qaelyyzz,3.5030243028199686,"(-200.26, -91.92, 3.895, 128)"
qbvtdg3c,0.0,"(-313.18, -321.39, 2.46, 256)"
qcyd52al,0.0,"(-309.1, -329.76, 2.46, 256)"
qesux9l0,6.261570264178041,"(-171.32, 27.88, 2.398, 128)"
qfaf5kci,0.0,"(-326.32, -371.58, 2.46, 256)"
qfcpk7pw,0.0,"(-311.56, -324.84, 2.46, 256)"
qgm5v2ww,4.735389694027144,"(-272.57, -35.7, 3.895, 128)"
qi2clp81,8.828020454588087,"(-332.98, 19.45, 3.895, 128)"
qimqodpx,0.44514534399621875,"(-244.12, -70.64, 3.895, 128)"
qiv929se,0.0,"(-316.48, -317.46, 2.46, 256)"
qjicjdan,0.0,"(-11.55, -11.55, 2.3, 128)"
qkbhb7s9,0.0,"(-104.13, 64.13, 1.64, 128)"
qmvqwpqo,1.5473825316630474,"(-265.37, -3.44, 3.895, 128)"
qo1vsmad,0.0,"(-11.55, -11.55, 2.3, 128)"
qoq4kreg,0.0,"(-316.48, -324.84, 2.46, 256)"
qpgb7r3o,0.0,"(-93.24, 85.67, 1.468, 128)"
qqyzqii4,0.0,"(-315.43, -306.7, 2.46, 256)"
qtxhi15c,0.0,"(-11.55, -11.55, 2.3, 128)"
qu7dknnc,0.0,"(-315.43, -323.92, 2.46, 256)"
quakx6wb,8.228273215125002,"(-164.96, 51.11, 2.398, 128)"
qvdk6drn,7.471060375764076,"(-208.06, 86.97, 2.398, 128)"
qvindh4s,0.0,"(-312.97, -311.62, 2.46, 256)"
qw3b4nth,0.0,"(-306.64, -329.76, 2.46, 256)"
qwnrhzn4,0.0,"(-315.43, -306.7, 2.46, 256)"
qx1um55f,0.0,"(-316.48, -322.38, 2.46, 256)"
qxiwe6rg,0.0,"(-209.85, -32.75, 3.305, 128)"
qxmcthph,0.0,"(-11.55, -11.55, 2.3, 128)"
qyezg52k,7.390383678930094,"(-284.84, -17.82, 3.895, 128)"
qyz6y3z1,0.0,"(-314.02, -322.38, 2.46, 256)"
qzcuctsu,0.0,"(-11.55, -11.55, 2.3, 128)"
r0jy32ho,18.49055681306742,"(2.24, -294.31, 3.895, 128)"
r17dpubk,2.995634534769601,"(-140.24, 12.09, 2.398, 128)"
r1necqor,8.273249306563962,"(-327.34, 20.15, 3.895, 128)"
r2f5t82d,8.798303294442432,"(-209.13, 85.59, 2.398, 128)"
r39iixha,0.0,"(-316.48, -324.84, 2.46, 256)"
r5rup13w,5.223043632573369,"(-306.78, 0.15, 3.895, 128)"
r5xqt4p5,0.0,"(-93.24, 90.97, 1.468, 128)"
r6f7qnez,5.974650902530137,"(-283.52, -41.66, 3.895, 128)"
r6yo6z1t,5.533001780713933,"(-264.42, -48.48, 3.895, 128)"
r8wm9lbb,0.6080793207443282,"(-252.45, -80.08, 3.895, 128)"
r9tjq8zg,0.0,"(-315.43, -304.24, 2.46, 256)"
rdmly4ly,0.44514534399621875,"(-244.12, -81.24, 3.895, 128)"
re4v9kyp,1.5473825316630474,"(-265.37, -39.52, 3.895, 128)"
rem5puu6,2.50914983986184,"(-214.62, -84.9, 3.895, 128)"
rf5a7qy8,0.0,"(-312.97, -306.7, 2.46, 256)"
rgybxkpm,10.899185430446963,"(-362.76, 47.0, 3.895, 128)"
rijkq2zu,0.0,"(-314.02, -327.3, 2.46, 256)"
riuu9k9x,0.44514534399621875,"(-244.12, -76.54, 3.895, 128)"
rlqiob0n,0.0,"(-317.89, -306.7, 2.46, 256)"
rm6dfhg6,4.499612915501073,"(-187.02, -129.27, 3.895, 128)"
rm6j8y6r,0.0,"(-308.05, -306.7, 2.46, 256)"
ro8bnp84,0.44514534399621875,"(-244.12, -91.94, 3.895, 128)"
rontdi9o,0.0,"(-311.56, -322.38, 2.46, 256)"
royr6ccv,0.44514534399621875,"(-244.12, -92.84, 3.895, 128)"
rpkzggm0,0.0,"(-315.43, -309.16, 2.46, 256)"
rqlnzzrj,6.177532964535135,"(-206.38, -98.64, 3.895, 128)"
rqq5qob8,0.0,"(-175.07, -200.78, 2.46, 144)"
rrdnwt2f,0.0,"(-162.77, -166.24, 2.46, 134)"
rrpzlk3e,0.0,"(-11.55, -11.55, 2.3, 128)"
rsezytkw,5.075503607779323,"(-301.14, -0.57, 3.895, 128)"
runjdu0i,0.0,"(-11.55, -11.55, 2.3, 128)"
ruw0u92t,0.0,"(-316.48, -307.62, 2.46, 256)"
rv0lg92m,0.0,"(-320.29, -327.3, 2.46, 256)"
rw4vnzvz,0.0,"(-202.13, -257.44, 2.46, 166)"
rw6tm2o0,0.0,"(-315.43, -309.16, 2.46, 256)"
rwk8r2yk,0.0,"(-95.41, 96.83, 1.503, 128)"
rwr965r9,0.0,"(-312.97, -311.62, 2.46, 256)"
rwskp6rf,5.4974405634229315,"(-173.74, -144.99, 3.895, 128)"
rxdouadv,0.0,"(-11.55, -11.55, 2.3, 128)"
rxgkikr2,0.0,"(-314.02, -329.76, 2.46, 256)"
ryg9rdpx,5.456168509929425,"(-299.43, -17.27, 3.895, 128)"
ryozdppb,3.0353424326725693,"(-161.76, 33.49, 2.398, 128)"
s0iuduah,5.343705341665255,"(-239.56, -84.23, 3.895, 128)"
s1k9ye9o,0.0,"(-93.24, 113.57, 1.468, 128)"
s4dilrzq,4.79000929097867,"(-359.39, -264.72, 2.46, 256)"
s62c1jlo,0.0,"(-316.48, -322.38, 2.46, 256)"
s73w1yau,0.0,"(-311.56, -324.84, 2.46, 256)"
s8314y2l,0.5874717068311983,"(-239.54, -42.44, 3.895, 128)"
s8nn16ux,0.0,"(-315.43, -306.7, 2.46, 256)"
sajhjxqk,4.79000929097867,"(-391.0, -218.66, 2.46, 256)"
sb5iqnf7,0.0,"(-11.55, -11.55, 2.3, 128)"
scnx8eiq,0.0,"(-314.02, -327.3, 2.46, 256)"
se99f77l,0.0,"(-315.43, -304.24, 2.46, 256)"
sexggoc5,0.5874717068311983,"(-239.55, -59.67, 3.895, 128)"
sfn07ea2,0.0,"(-309.1, -332.22, 2.46, 256)"
sg65kxvf,0.0,"(-178.01, -206.1, 2.46, 146)"
sgfdk0q0,7.676326346892913,"(-145.59, 23.57, 2.398, 128)"
shkoecub,0.0,"(-315.43, -309.16, 2.46, 256)"
sigbiaf9,0.0,"(-315.43, -306.7, 2.46, 256)"
slg6mm1z,0.0,"(-93.24, 82.24, 1.468, 128)"
smzocxmz,2.487654555193788,"(-169.51, 31.93, 2.398, 128)"
snbti22n,0.0,"(-315.43, -309.16, 2.46, 256)"
soyg9zqy,0.0,"(-315.43, -306.7, 2.46, 256)"
spofv177,0.0,"(-11.55, -11.55, 2.3, 128)"
spxlseun,0.0,"(-311.56, -312.54, 2.46, 256)"
sq0oxfq8,0.5474698475555495,"(-243.6, -79.72, 3.895, 128)"
sq0p82kb,0.0,"(-317.89, -306.7, 2.46, 256)"
srl3vzzx,4.79000929097867,"(-397.61, -244.36, 2.46, 256)"
swbkok3q,0.0,"(-315.43, -306.7, 2.46, 256)"
swjjjksl,0.0,"(-160.31, -163.85, 2.46, 132)"
swk8temp,8.255519212571024,"(-193.7, -100.96, 3.895, 128)"
sxvwvm4w,0.0,"(-11.55, -11.55, 2.3, 128)"
szdximyn,0.0,"(-11.55, -11.55, 2.3, 128)"
t1ghr09s,0.44514534399621875,"(-244.12, -87.14, 3.895, 128)"
t2m6twd1,0.0,"(-11.55, -11.55, 2.3, 128)"
t2pnjka3,0.0,"(-310.51, -309.16, 2.46, 256)"
t63j3r30,0.44514534399621875,"(-244.12, -83.04, 3.895, 128)"
t64z7w2s,0.0,"(-104.13, 75.31, 1.64, 128)"
t7o75rh8,0.0,"(-93.24, 95.17, 1.468, 128)"
t7zewviy,0.0,"(-101.95, 60.84, 1.605, 128)"
t860x5zu,3.1392486653252547,"(-237.46, -66.11, 3.895, 128)"
t8cq1xgb,14.352520910452846,"(-411.12, 132.95, 3.895, 128)"
t8hdpwvb,8.544332790453554,"(-80.42, -31.27, 2.398, 128)"
t9gwa44l,0.0,"(-304.18, -339.6, 2.46, 256)"
t9nt3w5u,0.0,"(-190.31, -237.69, 2.46, 156)"
t9qubwrp,4.79000929097867,"(-386.92, -237.9, 2.46, 256)"
ta5ivroc,0.0,"(-312.97, -306.7, 2.46, 256)"
tb9xxayp,0.0,"(-11.55, -11.55, 2.3, 128)"
tg21hslt,4.79000929097867,"(-389.77, -233.34, 2.46, 256)"
thet25lz,0.0,"(-315.43, -309.16, 2.46, 256)"
thsjr0fz,0.0,"(-315.43, -309.16, 2.46, 256)"
tirc9zd7,0.0,"(-11.55, -11.55, 2.3, 128)"
tkf6xdn8,0.0,"(-317.89, -306.7, 2.46, 256)"
tlcqfmui,4.79000929097867,"(-394.26, -238.8, 2.46, 256)"
tmofmmwi,0.0,"(-312.97, -309.16, 2.46, 256)"
tn29tnyf,0.0,"(-306.64, -332.22, 2.46, 256)"
to7d835k,4.79000929097867,"(-395.28, -226.47, 2.46, 256)"
tow4ycz0,0.0,"(-11.55, -11.55, 2.3, 128)"
tp7bd4w1,10.70956911577078,"(-370.88, 52.51, 3.895, 128)"
trd83x9a,0.0,"(-285.74, -274.24, 4.42, 128)"
trp0j43d,0.44514534399621875,"(-244.12, -76.54, 3.895, 128)"
trpyx8hb,13.6202670652011,"(-159.75, 41.21, 2.398, 128)"
ttqlgzui,0.5474698475555495,"(-243.6, -73.42, 3.895, 128)"
twbozd1a,0.0,"(-100.21, 69.22, 1.578, 128)"
twdl9zs1,0.0,"(-110.66, 82.8, 1.743, 128)"
txrgn74f,0.0,"(-312.97, -306.7, 2.46, 256)"
txsnhft4,0.0,"(-314.02, -327.3, 2.46, 256)"
txuyucec,6.516273776941206,"(-190.54, -104.32, 3.895, 128)"
u47soczd,0.6413778939419499,"(-145.74, 12.19, 2.398, 128)"
u4bawz94,3.5030243028199686,"(-200.26, -101.64, 3.895, 128)"
u58ftyla,0.0,"(-316.48, -322.38, 2.46, 256)"
u5wryesu,7.791443402684781,"(-337.8, 30.18, 3.895, 128)"
u6hc36ko,0.44514534399621875,"(-244.12, -79.64, 3.895, 128)"
u6u4pllg,0.0,"(-314.02, -327.3, 2.46, 256)"
u7bfxq7b,6.071919068168723,"(-297.94, 11.74, 3.895, 128)"
u8el5015,0.0,"(-315.43, -306.7, 2.46, 256)"
u8iogxpb,0.0,"(-11.55, -11.55, 2.3, 128)"
ub4o47en,1.762079109444724,"(-159.85, 27.43, 2.398, 128)"
uc9pbtyj,0.0,"(-316.48, -322.38, 2.46, 256)"
ude358tr,0.0,"(-209.85, -49.85, 3.305, 128)"
udktmonr,0.0,"(-11.55, -11.55, 2.3, 128)"
uefz1c25,0.0,"(-311.56, -327.3, 2.46, 256)"
uew9g6sp,12.848274587752728,"(-249.87, 116.86, 2.398, 128)"
uf8cyotw,0.8147951773276845,"(-199.27, -55.56, 3.296, 128)"
ufu6py06,3.9695753708889914,"(-274.09, -23.54, 3.895, 128)"
uh17j8qo,0.0,"(-315.43, -309.16, 2.46, 256)"
uhgpjnvw,0.0,"(-316.48, -324.84, 2.46, 256)"
ui1jlmfl,4.79000929097867,"(-388.39, -249.86, 2.46, 256)"
uij0yxiy,4.79000929097867,"(-390.19, -228.13, 2.46, 256)"
ujq6fx7x,0.0,"(-315.43, -306.7, 2.46, 256)"
ujv6oh9s,0.0,"(-182.93, -206.5, 2.46, 150)"
ukx496k4,2.0297024505707233,"(-142.12, 21.68, 2.398, 128)"
ul6lgjlp,0.0,"(-312.97, -306.7, 2.46, 256)"
ulp98rl9,0.0,"(-338.62, -354.36, 2.46, 256)"
unqr8o1k,0.0,"(-316.48, -324.84, 2.46, 256)"
unvsdkv5,5.493420016097282,"(-181.34, 58.17, 2.398, 128)"
uoay12tl,0.0,"(-304.18, -334.68, 2.46, 256)"
uov51zlb,0.0,"(-315.43, -309.16, 2.46, 256)"
upcj8mo7,0.0,"(-148.01, -151.74, 2.46, 122)"
upfln4rx,0.0,"(-11.55, -11.55, 2.3, 128)"
upmanqy0,0.0,"(-311.56, -332.22, 2.46, 256)"
urid3u94,20.277133353356987,"(-233.32, 130.54, 2.398, 128)"
urvqt3g8,0.0,"(-315.43, -306.7, 2.46, 256)"
uug95rlr,0.0,"(-11.55, -11.55, 2.3, 128)"
uyluyhet,9.46931996002768,"(-223.04, 92.92, 2.398, 128)"
uz2z0kdn,0.0,"(-255.0, -255.0, 2.0, 128)"
v01zderi,0.0,"(-317.89, -306.7, 2.46, 256)"
v0dszrk6,9.041483963929132,"(-216.07, 74.95, 2.398, 128)"
v1fkhnnk,0.0,"(-316.48, -327.3, 2.46, 256)"
v1mzb3i4,9.204715915614814,"(-149.32, -171.53, 3.895, 128)"
v1zocfi4,0.0,"(-11.55, -11.55, 2.3, 128)"
v23gxj0m,0.0,"(-317.89, -311.62, 2.46, 256)"
v28ue1my,0.0,"(-309.1, -334.68, 2.46, 256)"
v2y4xkss,0.0,"(-11.55, -11.55, 2.3, 128)"
v3dr2h2p,6.377090371469644,"(-290.34, -33.92, 3.895, 128)"
v3s2sumh,0.0,"(-314.02, -324.84, 2.46, 256)"
v4kfq5dz,4.688613607633837,"(-145.64, 21.85, 2.398, 128)"
v5g10ur5,0.0,"(-11.55, -11.55, 2.3, 128)"
v78hu7f0,0.0,"(-11.55, -11.55, 2.3, 128)"
v84fc3xq,4.659316719051946,"(-195.35, -118.06, 3.895, 128)"
v9cng8ta,0.8147951773276845,"(-199.25, -53.0, 3.296, 128)"
v9ibwgt2,6.5518012333960725,"(-301.09, -10.5, 3.895, 128)"
va02dz61,0.0,"(-318.94, -322.38, 2.46, 256)"
va5e742g,0.0,"(-162.77, -166.24, 2.46, 134)"
vb99rwtf,12.46396715078076,"(-228.33, 122.22, 2.398, 128)"
vbgr8w2m,8.122131185560207,"(-316.37, 23.57, 3.895, 128)"
vbjfvyb6,0.0,"(-11.55, -11.55, 2.3, 128)"
vbjrbzjw,0.0,"(-311.56, -329.76, 2.46, 256)"
vdz4x1zh,0.44514534399621875,"(-244.12, -55.34, 3.895, 128)"
vf02gvll,0.0,"(-316.48, -327.3, 2.46, 256)"
vffqot8h,0.0,"(-11.55, -11.55, 2.3, 128)"
vfua9bq1,8.169649682675857,"(-177.05, -145.26, 3.895, 128)"
vgww4fyb,0.0,"(-149.87, 93.18, 2.36, 128)"
vhdk8lw2,0.0,"(-11.55, -11.55, 2.3, 128)"
vhmygty3,0.0,"(-312.97, -306.7, 2.46, 256)"
vi109dcn,2.149149108011928,"(-249.33, -39.26, 3.895, 128)"
vitwu3bf,0.0,"(-317.89, -309.16, 2.46, 256)"
vl7fq8ab,0.0,"(-316.48, -324.84, 2.46, 256)"
vmb0idd0,0.0,"(-309.1, -324.84, 2.46, 256)"
vmsr75rm,0.0,"(-216.89, -272.72, 2.46, 178)"
vqa7izq2,0.0,"(-255.0, -255.0, 2.0, 128)"
vrnegn2b,0.0,"(-143.09, -146.87, 2.46, 118)"
vt997e4u,0.0,"(-11.55, -11.55, 2.3, 128)"
vtn4ypkw,8.673682636989694,"(-177.26, 52.54, 2.398, 128)"
vv4zwl3z,0.0,"(-315.43, -306.7, 2.46, 256)"
vwlq6exn,0.0,"(-301.72, -337.14, 2.46, 256)"
vwrb7f6f,0.0,"(-11.55, -11.55, 2.3, 128)"
vwwusxlm,0.0,"(-312.97, -306.7, 2.46, 256)"
vyb4xz3m,0.0,"(-285.74, -274.24, 4.42, 128)"
vycs44ph,5.4974405634229315,"(-173.77, -120.46, 3.895, 128)"
vz01sosr,0.0,"(-221.63, -233.23, 3.591, 128)"
vzhqjy62,0.0,"(-317.89, -299.32, 2.46, 256)"
vzme9wt0,0.8147951773276845,"(-199.3, -66.33, 3.296, 128)"
w165aejt,0.0,"(-320.29, -320.66, 2.46, 256)"
w2eowlcf,8.428707326661856,"(-300.88, -6.82, 3.895, 128)"
w3stt1eq,4.7872600307859745,"(-262.06, -45.22, 3.895, 128)"
w3zp08j3,0.44514534399621875,"(-244.12, -76.54, 3.895, 128)"
w41f7v4k,0.0,"(-304.18, -322.38, 2.46, 256)"
w5apmxd6,0.0,"(-299.26, -354.36, 2.46, 256)"
w5wfcpkj,0.0,"(-93.24, 116.83, 1.468, 128)"
w69hzgop,5.739930206395632,"(-173.54, -130.66, 3.895, 128)"
w6ozx25q,0.0,"(-315.43, -309.16, 2.46, 256)"
w7j35vlw,0.0,"(-309.1, -324.84, 2.46, 256)"
w9heyce4,3.729087752871482,"(-270.34, -27.93, 3.895, 128)"
w9myyoke,0.5874717068311983,"(-239.54, -87.06, 3.895, 128)"
waj1g1r1,0.0,"(-11.55, -11.55, 2.3, 128)"
wct8jbbs,9.139786671431988,"(-132.5, 26.07, 2.398, 128)"
wcyuknd1,10.998746836976446,"(-364.67, 30.48, 3.895, 128)"
wdcokz5s,6.644464474192054,"(-168.96, 31.86, 2.398, 128)"
we4c1v47,7.941103761279347,"(-150.51, 15.2, 2.398, 128)"
weehwjq4,0.0,"(-320.35, -309.16, 2.46, 256)"
wh50jyoo,0.8147951773276845,"(-199.3, -24.74, 3.296, 128)"
whef0vot,0.0,"(-11.55, -11.55, 2.3, 128)"
whvnzh13,0.0,"(-11.55, -11.55, 2.3, 128)"
wkzirnk6,5.4974405634229315,"(-173.76, -149.51, 3.895, 128)"
wlxdsc4e,0.0,"(-315.43, -306.7, 2.46, 256)"
wm9q7ftm,0.8147951773276845,"(-199.28, -76.59, 3.296, 128)"
wmbxek0q,5.341230003436235,"(-265.94, -27.17, 3.895, 128)"
wnnhj7xv,0.0,"(-168.17, -199.43, 2.46, 138)"
wpj8yi34,0.0,"(-314.02, -327.3, 2.46, 256)"
wpr97y2l,0.0,"(-11.55, -11.55, 2.3, 128)"
ws1zl7p7,0.0,"(-304.18, -337.14, 2.46, 256)"
wujt4ftl,0.0,"(-170.15, -173.61, 2.46, 140)"
wvpunwcg,10.873665457829874,"(-131.54, 39.36, 2.398, 128)"
wwiif86l,0.0,"(-320.35, -314.08, 2.46, 256)"
wx0i3a4k,7.351092918169918,"(-183.36, 71.42, 2.398, 128)"
wzr04hhe,0.0,"(-321.4, -327.3, 2.46, 256)"
x23veulj,0.0,"(-318.94, -322.38, 2.46, 256)"
x2bfibjz,0.5874717068311983,"(-239.53, -78.18, 3.895, 128)"
x4w6xlpu,0.44514534399621875,"(-244.12, -76.54, 3.895, 128)"
x5fl2mox,0.0,"(-311.56, -327.3, 2.46, 256)"
x74d0gjy,0.0,"(-11.55, -11.55, 2.3, 128)"
x7m2mm4p,9.672356612771452,"(-145.55, 31.73, 2.398, 128)"
x7ptx63c,0.44514534399621875,"(-244.12, -80.24, 3.895, 128)"
xaa2ilgb,0.44514534399621875,"(-244.12, -89.54, 3.895, 128)"
xaji0y6d,0.0,"(-173.09, -198.49, 2.46, 142)"
xb4y4k7b,0.0,"(-305.59, -373.12, 2.46, 256)"
xd9css9t,0.0,"(-108.48, 77.1, 1.708, 128)"
xfgcaqvk,0.44514534399621875,"(-244.12, -80.04, 3.895, 128)"
xfshwzsj,0.0,"(-304.18, -319.43, 2.46, 256)"
xg0trky8,6.185905718563813,"(-129.84, -11.21, 2.398, 128)"
xgmpw5d3,0.0,"(-11.55, -11.55, 2.3, 128)"
xhw0ic1l,0.0,"(-317.89, -304.24, 2.46, 256)"
xid4n1u3,0.0,"(-99.77, 73.47, 1.571, 128)"
xjn6fokz,0.0,"(-11.55, -11.55, 2.3, 128)"
xjve3dze,0.0,"(-11.55, -11.55, 2.3, 128)"
xkc5i8xo,6.435309236243131,"(-298.43, -20.45, 3.895, 128)"
xkdq95g3,0.0,"(-312.97, -306.7, 2.46, 256)"
xlzs49cd,4.79000929097867,"(-389.98, -230.86, 2.46, 256)"
xmdkrlc0,4.056134521963176,"(-180.75, 44.27, 2.398, 128)"
xmxb9yo1,0.0,"(-11.55, -11.55, 2.3, 128)"
xnofg780,4.79000929097867,"(-390.39, -225.8, 2.46, 256)"
xnoq37kt,0.0,"(-170.15, -173.62, 2.46, 140)"
xnqxu71s,9.165848924083862,"(-167.77, 58.74, 2.398, 128)"
xp9n56ny,0.0,"(-11.55, -11.55, 2.3, 128)"
xphx2kbv,0.0,"(-317.89, -309.16, 2.46, 256)"
xpk48ab1,13.611707998947933,"(-130.13, 36.2, 2.398, 128)"
xpnmjqy3,0.0,"(-11.55, -11.55, 2.3, 128)"
xrjm4t8b,19.38216684455316,"(-27.64, -266.35, 3.895, 128)"
xsy4vy32,0.0,"(-255.0, -255.0, 2.0, 128)"
xtxmgtt0,0.0,"(-11.55, -11.55, 2.3, 128)"
xuj3ac6p,0.0,"(-11.55, -11.55, 2.3, 128)"
xva1nkbt,0.0,"(-312.97, -319.0, 2.46, 256)"
xvh7katq,7.421834555197638,"(-156.43, -145.36, 3.895, 128)"
xvhagkc4,0.0,"(-11.55, -11.55, 2.3, 128)"
xw6t1oxh,0.0,"(-209.85, -46.33, 3.305, 128)"
xyjoa21a,0.0,"(-11.55, -11.55, 2.3, 128)"
xyvgiui9,0.0,"(-119.51, 67.14, 1.882, 128)"
xyzx9jpn,0.0,"(-11.55, -11.55, 2.3, 128)"
y08p0fod,0.44514534399621875,"(-244.12, -90.94, 3.895, 128)"
y0bhf0ri,5.56925743374871,"(-165.32, 44.54, 2.398, 128)"
y36ddfgs,0.0,"(-11.55, -11.55, 2.3, 128)"
y3rztplc,16.76249402435017,"(-74.86, -199.13, 3.895, 128)"
y4kl9ary,5.270341794059407,"(-169.86, 45.32, 2.398, 128)"
y4x41dnt,0.0,"(-11.55, -11.55, 2.3, 128)"
y595cpjz,0.0,"(-316.48, -310.08, 2.46, 256)"
y72ivgly,0.0,"(-11.55, -11.55, 2.3, 128)"
yar821uz,0.0,"(-93.24, 94.42, 1.468, 128)"
yb7w8p74,0.0,"(-312.97, -306.7, 2.46, 256)"
yc3s0dpj,0.0,"(-316.48, -322.38, 2.46, 256)"
yczu80zr,0.0,"(-316.48, -322.38, 2.46, 256)"
yd82795e,0.0,"(-11.55, -11.55, 2.3, 128)"
ydmt8vt4,0.0,"(-11.55, -11.55, 2.3, 128)"
ydshlv76,8.969845663564675,"(-204.06, -92.99, 3.895, 128)"
ye0qzsa7,0.0,"(-315.43, -306.7, 2.46, 256)"
yh36motc,3.1382675479243103,"(-150.81, -12.87, 2.398, 128)"
yiej9c0u,5.4974405634229315,"(-173.74, -132.49, 3.895, 128)"
yj38xrg2,0.0,"(-11.55, -11.55, 2.3, 128)"
yj3d6m1f,7.093589811983048,"(-194.96, 69.17, 2.398, 128)"
yjoaoejv,0.0,"(-314.02, -324.84, 2.46, 256)"
yjxrpj1e,0.0,"(-104.13, 73.0, 1.64, 128)"
ymenvg3k,0.0,"(-11.55, -11.55, 2.3, 128)"
ymyrsvzn,0.0,"(-312.97, -304.24, 2.46, 256)"
yntl2ug0,0.0,"(-199.67, -265.53, 2.46, 164)"
yo4rcb1k,0.0,"(-11.55, -11.55, 2.3, 128)"
yotos87m,0.0,"(-177.53, -219.6, 2.46, 146)"
ysxpnngh,0.0,"(-105.0, 72.44, 1.654, 128)"
yt8qzpky,0.0,"(-11.55, -11.55, 2.3, 128)"
yt91qe37,0.0,"(-315.43, -309.16, 2.46, 256)"
ytjuq7x7,3.5030243028199686,"(-200.26, -96.12, 3.895, 128)"
yu6vk0uc,0.0,"(-317.89, -306.7, 2.46, 256)"
yv37dia5,0.44514534399621875,"(-244.12, -73.44, 3.895, 128)"
yvdqbsxl,0.0,"(-320.35, -311.62, 2.46, 256)"
yx9trflq,0.0,"(-11.55, -11.55, 2.3, 128)"
yxdw2zcf,0.0,"(-11.55, -11.55, 2.3, 128)"
yxfiblej,8.838553916881596,"(-159.2, -164.51, 3.895, 128)"
yxyur4so,5.856357219613988,"(-318.52, 29.63, 3.895, 128)"
yydu3asn,5.978379294285539,"(-243.26, -97.82, 3.895, 128)"
z15bcw79,0.5474698475555495,"(-243.6, -75.62, 3.895, 128)"
z1r2roik,0.0,"(-316.48, -324.84, 2.46, 256)"
z3jbck88,0.0,"(-317.89, -306.7, 2.46, 256)"
z4ppj590,0.0,"(-309.1, -329.76, 2.46, 256)"
z5gf3bbt,0.7362266640604821,"(-201.68, -61.91, 3.296, 128)"
z6d86zch,0.0,"(-209.85, -78.15, 3.305, 128)"
z6v7s7o4,0.0,"(-316.48, -327.3, 2.46, 256)"
z74lav71,0.0,"(-11.55, -11.55, 2.3, 128)"
z79hqtyl,0.0,"(-309.1, -332.22, 2.46, 256)"
z7cn0eqw,0.6413778939419499,"(-145.74, 22.29, 2.398, 128)"
zbc7qk4k,0.0,"(-255.0, -255.0, 2.0, 128)"
zbikcidk,0.0,"(-185.39, -230.12, 2.46, 152)"
zeeqnsn2,0.0,"(-315.43, -309.16, 2.46, 256)"
zegbl2qg,2.50914983986184,"(-213.41, -98.6, 3.895, 128)"
zeryf099,0.0,"(-315.43, -306.7, 2.46, 256)"
zge2j51b,0.0,"(-11.55, -11.55, 2.3, 128)"
zhdv5ojz,0.0,"(-318.94, -324.84, 2.46, 256)"
zhh3o5ur,9.534578229274349,"(-352.18, 67.99, 3.895, 128)"
zjnvc7hr,0.0,"(-312.97, -319.0, 2.46, 256)"
zm32hzs3,0.0,"(-311.56, -324.84, 2.46, 256)"
zn1f0fp8,4.79000929097867,"(-394.87, -231.4, 2.46, 256)"
znvp8gmn,8.510542388624838,"(-339.48, 49.21, 3.895, 128)"
zppep69n,25.88864886241044,"(-179.03, 101.85, 2.398, 128)"
zq48enwb,3.5242810715196207,"(-151.34, 16.11, 2.398, 128)"
zsb6zwkh,0.0,"(-311.56, -327.3, 2.46, 256)"
zu4ns7nv,0.0,"(-304.18, -342.06, 2.46, 256)"
zublekvl,3.7800142964029013,"(-242.45, -89.94, 3.895, 128)"
zuj2xorv,4.7664602809745835,"(-239.55, -83.56, 3.895, 128)"
zw0ldalm,0.0,"(-11.55, -11.55, 2.3, 128)"
zwd0w9ry,0.0,"(-315.43, -309.16, 2.46, 256)"
zwffhhcm,0.0,"(-11.55, -11.55, 2.3, 128)"
zxskoytk,5.339311152094002,"(-273.83, -35.79, 3.895, 128)"
zy1uu9ym,0.0,"(-11.55, -11.55, 2.3, 128)"
